epoch,;train/box_loss,;train/obj_loss,;train/cls_loss,;metrics/precision,;metrics/recall,;metrics/mAP_0.5,;metrics/mAP_0.5:0.95,;val/box_loss,;val/obj_loss,;val/cls_loss,;x/lr0,;x/lr1,;x/lr2
0;0.11325,;0.026788,;0;0.023711,;0.12804,;0.010006,;0.0018795,;0.095604,;0.021813,;0;0.0032576,;0.0032576,;0.070682
1;0.084468,;0.020522,;0;0.25471,;0.27391,;0.14934,;0.02928,;0.080743,;0.019181,;0;0.00658,;0.00658,;0.040671
2;0.074967,;0.018184,;0;0.38939,;0.37196,;0.29563,;0.072123,;0.07654,;0.0155,;0;0.0098915,;0.0098915,;0.010649
3;0.067831,;0.016698,;0;0.71274,;0.54376,;0.56151,;0.16974,;0.064365,;0.016231,;0;0.0099505,;0.0099505,;0.0099505
4;0.059257,;0.015792,;0;0.70612,;0.52998,;0.56483,;0.20837,;0.056404,;0.014167,;0;0.0099505,;0.0099505,;0.0099505
5;0.055126,;0.014881,;0;0.7873,;0.60291,;0.65612,;0.23809,;0.053226,;0.011691,;0;0.009934,;0.009934,;0.009934
6;0.053117,;0.014613,;0;0.79185,;0.61964,;0.65864,;0.23744,;0.049836,;0.011378,;0;0.0099175,;0.0099175,;0.0099175
7;0.052057,;0.01355,;0;0.83094,;0.67099,;0.72853,;0.28859,;0.048141,;0.010968,;0;0.009901,;0.009901,;0.009901
8;0.049714,;0.013177,;0;0.85753,;0.70259,;0.75896,;0.29074,;0.048118,;0.010486,;0;0.0098845,;0.0098845,;0.0098845
9;0.048311,;0.013113,;0;0.88838,;0.68558,;0.76539,;0.31146,;0.04515,;0.010336,;0;0.009868,;0.009868,;0.009868
10;0.047399,;0.013163,;0;0.84753,;0.68558,;0.76059,;0.29932,;0.047017,;0.010556,;0;0.0098515,;0.0098515,;0.0098515
11;0.046654,;0.01287,;0;0.86619,;0.75017,;0.79253,;0.32316,;0.045013,;0.010404,;0;0.009835,;0.009835,;0.009835
12;0.045269,;0.012439,;0;0.85797,;0.73429,;0.79093,;0.3242,;0.045885,;0.010414,;0;0.0098185,;0.0098185,;0.0098185
13;0.045407,;0.01256,;0;0.89173,;0.7342,;0.8008,;0.32806,;0.043629,;0.0097178,;0;0.009802,;0.009802,;0.009802
14;0.043766,;0.012124,;0;0.89357,;0.74161,;0.80915,;0.34555,;0.042006,;0.0097647,;0;0.0097855,;0.0097855,;0.0097855
15;0.043935,;0.012088,;0;0.82847,;0.66928,;0.72535,;0.27791,;0.046201,;0.010837,;0;0.009769,;0.009769,;0.009769
16;0.042647,;0.01206,;0;0.88776,;0.73068,;0.80266,;0.35621,;0.042615,;0.0094636,;0;0.0097525,;0.0097525,;0.0097525
17;0.043199,;0.012041,;0;0.89064,;0.76557,;0.81697,;0.34688,;0.042508,;0.0094078,;0;0.009736,;0.009736,;0.009736
18;0.042711,;0.012241,;0;0.87522,;0.76499,;0.81586,;0.36657,;0.042862,;0.0095027,;0;0.0097195,;0.0097195,;0.0097195
19;0.042335,;0.011549,;0;0.88156,;0.77805,;0.8392,;0.37845,;0.04033,;0.0092134,;0;0.009703,;0.009703,;0.009703
20;0.04057,;0.011644,;0;0.88909,;0.77796,;0.84307,;0.37566,;0.042806,;0.0090954,;0;0.0096865,;0.0096865,;0.0096865
21;0.041842,;0.011529,;0;0.90313,;0.77062,;0.83807,;0.3863,;0.039311,;0.0091457,;0;0.00967,;0.00967,;0.00967
22;0.040338,;0.011358,;0;0.88593,;0.77411,;0.83474,;0.37468,;0.040957,;0.0089745,;0;0.0096535,;0.0096535,;0.0096535
23;0.039254,;0.011173,;0;0.89358,;0.78282,;0.84615,;0.38848,;0.040222,;0.008767,;0;0.009637,;0.009637,;0.009637
24;0.039268,;0.010765,;0;0.89431,;0.79335,;0.84974,;0.37947,;0.040467,;0.0090396,;0;0.0096205,;0.0096205,;0.0096205
25;0.039485,;0.011433,;0;0.90889,;0.768,;0.83371,;0.37895,;0.041298,;0.0092271,;0;0.009604,;0.009604,;0.009604
26;0.039634,;0.011185,;0;0.8929,;0.77877,;0.83891,;0.39173,;0.038573,;0.0089419,;0;0.0095875,;0.0095875,;0.0095875
27;0.037933,;0.010912,;0;0.90473,;0.80808,;0.86775,;0.40928,;0.038453,;0.0087409,;0;0.009571,;0.009571,;0.009571
28;0.038954,;0.01076,;0;0.91571,;0.80146,;0.84834,;0.39651,;0.039433,;0.0089991,;0;0.0095545,;0.0095545,;0.0095545
29;0.038437,;0.010995,;0;0.91562,;0.78267,;0.84903,;0.39963,;0.040205,;0.0089761,;0;0.009538,;0.009538,;0.009538
30;0.037959,;0.011032,;0;0.92739,;0.77796,;0.85174,;0.4124,;0.038071,;0.0085856,;0;0.0095215,;0.0095215,;0.0095215
31;0.037828,;0.01071,;0;0.90256,;0.80314,;0.86752,;0.40727,;0.038482,;0.0085057,;0;0.009505,;0.009505,;0.009505
32;0.038092,;0.010469,;0;0.91852,;0.80794,;0.8689,;0.41921,;0.039109,;0.0084846,;0;0.0094885,;0.0094885,;0.0094885
33;0.03783,;0.010584,;0;0.90191,;0.77391,;0.85013,;0.40266,;0.040457,;0.0087611,;0;0.009472,;0.009472,;0.009472
34;0.037864,;0.010572,;0;0.90722,;0.77658,;0.85416,;0.40401,;0.039745,;0.008899,;0;0.0094555,;0.0094555,;0.0094555
35;0.037596,;0.010644,;0;0.91532,;0.78832,;0.86415,;0.41761,;0.037619,;0.008523,;0;0.009439,;0.009439,;0.009439
36;0.036056,;0.010573,;0;0.89792,;0.79835,;0.86345,;0.41897,;0.037903,;0.008366,;0;0.0094225,;0.0094225,;0.0094225
37;0.037271,;0.010433,;0;0.92185,;0.80875,;0.86625,;0.40953,;0.039529,;0.0083358,;0;0.009406,;0.009406,;0.009406
38;0.03595,;0.010026,;0;0.9202,;0.79092,;0.8651,;0.42634,;0.037598,;0.0085176,;0;0.0093895,;0.0093895,;0.0093895
39;0.036076,;0.0104,;0;0.93128,;0.80551,;0.87444,;0.42753,;0.038074,;0.0082734,;0;0.009373,;0.009373,;0.009373
40;0.035937,;0.010207,;0;0.91644,;0.80875,;0.8639,;0.41148,;0.039005,;0.0084415,;0;0.0093565,;0.0093565,;0.0093565
41;0.03556,;0.010455,;0;0.91508,;0.82086,;0.87482,;0.43358,;0.036852,;0.0082717,;0;0.00934,;0.00934,;0.00934
42;0.036554,;0.010267,;0;0.9108,;0.81921,;0.87369,;0.43048,;0.036931,;0.0083071,;0;0.0093235,;0.0093235,;0.0093235
43;0.03524,;0.010263,;0;0.92325,;0.81848,;0.88688,;0.42338,;0.036654,;0.0081763,;0;0.009307,;0.009307,;0.009307
44;0.036178,;0.010354,;0;0.911,;0.80794,;0.87085,;0.41309,;0.038385,;0.008527,;0;0.0092905,;0.0092905,;0.0092905
45;0.035485,;0.0099919,;0;0.92038,;0.80146,;0.86701,;0.42209,;0.037106,;0.0086444,;0;0.009274,;0.009274,;0.009274
46;0.035396,;0.010007,;0;0.87915,;0.81199,;0.86562,;0.42234,;0.038459,;0.0086154,;0;0.0092575,;0.0092575,;0.0092575
47;0.035034,;0.010224,;0;0.91821,;0.82172,;0.88219,;0.44095,;0.035649,;0.0081025,;0;0.009241,;0.009241,;0.009241
48;0.035214,;0.0098909,;0;0.93175,;0.81361,;0.88165,;0.44015,;0.035401,;0.0081892,;0;0.0092245,;0.0092245,;0.0092245
49;0.034237,;0.0097317,;0;0.92278,;0.81348,;0.87489,;0.44793,;0.035623,;0.0083712,;0;0.009208,;0.009208,;0.009208
50;0.033663,;0.0097346,;0;0.93901,;0.81361,;0.88142,;0.44271,;0.034983,;0.0080484,;0;0.0091915,;0.0091915,;0.0091915
51;0.034733,;0.010011,;0;0.92112,;0.82329,;0.87901,;0.43142,;0.036708,;0.0080432,;0;0.009175,;0.009175,;0.009175
52;0.035062,;0.009538,;0;0.90909,;0.79903,;0.87034,;0.42537,;0.037095,;0.0083974,;0;0.0091585,;0.0091585,;0.0091585
53;0.033281,;0.0098863,;0;0.89025,;0.81848,;0.87151,;0.44062,;0.035269,;0.0083297,;0;0.009142,;0.009142,;0.009142
54;0.03487,;0.0097037,;0;0.90573,;0.83144,;0.88899,;0.45854,;0.03484,;0.0081317,;0;0.0091255,;0.0091255,;0.0091255
55;0.033536,;0.0096755,;0;0.92949,;0.82255,;0.87804,;0.45609,;0.035494,;0.0080411,;0;0.009109,;0.009109,;0.009109
56;0.033544,;0.009668,;0;0.9134,;0.82901,;0.88891,;0.44992,;0.035838,;0.0080391,;0;0.0090925,;0.0090925,;0.0090925
57;0.033199,;0.0097429,;0;0.92227,;0.81728,;0.87877,;0.44779,;0.036322,;0.0082703,;0;0.009076,;0.009076,;0.009076
58;0.032816,;0.0096382,;0;0.91158,;0.82496,;0.87587,;0.43955,;0.036484,;0.0079839,;0;0.0090595,;0.0090595,;0.0090595
59;0.033652,;0.010104,;0;0.91777,;0.83225,;0.88509,;0.44796,;0.034915,;0.0081176,;0;0.009043,;0.009043,;0.009043
60;0.033308,;0.0099242,;0;0.91301,;0.82503,;0.88169,;0.44085,;0.036204,;0.0080471,;0;0.0090265,;0.0090265,;0.0090265
61;0.033053,;0.0096176,;0;0.90474,;0.82901,;0.89162,;0.44834,;0.036322,;0.0080177,;0;0.00901,;0.00901,;0.00901
62;0.032491,;0.0097643,;0;0.92448,;0.83334,;0.88729,;0.47013,;0.034365,;0.0077709,;0;0.0089935,;0.0089935,;0.0089935
63;0.03179,;0.0098104,;0;0.9228,;0.81524,;0.87905,;0.45267,;0.035414,;0.0079428,;0;0.008977,;0.008977,;0.008977
64;0.032197,;0.0095297,;0;0.91472,;0.83225,;0.88274,;0.45069,;0.03491,;0.0082502,;0;0.0089605,;0.0089605,;0.0089605
65;0.031564,;0.0094515,;0;0.93102,;0.83121,;0.89144,;0.46123,;0.034481,;0.0079155,;0;0.008944,;0.008944,;0.008944
66;0.032623,;0.0092037,;0;0.92106,;0.83201,;0.88876,;0.45592,;0.034869,;0.0082282,;0;0.0089275,;0.0089275,;0.0089275
67;0.032892,;0.0095311,;0;0.91501,;0.82881,;0.88336,;0.44538,;0.035418,;0.0081943,;0;0.008911,;0.008911,;0.008911
68;0.032664,;0.0093285,;0;0.93162,;0.81848,;0.88182,;0.44621,;0.035146,;0.008029,;0;0.0088945,;0.0088945,;0.0088945
69;0.032005,;0.0095471,;0;0.92992,;0.83876,;0.89445,;0.45933,;0.034292,;0.0079292,;0;0.008878,;0.008878,;0.008878
70;0.032028,;0.0093103,;0;0.92058,;0.82739,;0.8855,;0.44465,;0.034883,;0.0078877,;0;0.0088615,;0.0088615,;0.0088615
71;0.031984,;0.0093648,;0;0.92051,;0.83144,;0.88939,;0.46909,;0.033487,;0.0077492,;0;0.008845,;0.008845,;0.008845
72;0.032286,;0.0094275,;0;0.92975,;0.82982,;0.8876,;0.46505,;0.035164,;0.0078529,;0;0.0088285,;0.0088285,;0.0088285
73;0.032245,;0.0096436,;0;0.92087,;0.82982,;0.8822,;0.45639,;0.034574,;0.0079895,;0;0.008812,;0.008812,;0.008812
74;0.031099,;0.0094505,;0;0.91432,;0.84846,;0.89509,;0.46884,;0.033332,;0.0079108,;0;0.0087955,;0.0087955,;0.0087955
75;0.032083,;0.0094689,;0;0.91871,;0.84347,;0.89853,;0.46948,;0.033615,;0.0077688,;0;0.008779,;0.008779,;0.008779
76;0.031908,;0.0093493,;0;0.92305,;0.82496,;0.88445,;0.45907,;0.035559,;0.0079633,;0;0.0087625,;0.0087625,;0.0087625
77;0.031094,;0.0093624,;0;0.91528,;0.84051,;0.88663,;0.46535,;0.033904,;0.0078501,;0;0.008746,;0.008746,;0.008746
78;0.032399,;0.0091503,;0;0.9269,;0.8436,;0.89344,;0.4567,;0.034452,;0.0079047,;0;0.0087295,;0.0087295,;0.0087295
79;0.031881,;0.0094343,;0;0.91937,;0.84441,;0.89512,;0.46894,;0.03355,;0.0078277,;0;0.008713,;0.008713,;0.008713
80;0.031897,;0.0094653,;0;0.90957,;0.84773,;0.89032,;0.4513,;0.034267,;0.0079924,;0;0.0086965,;0.0086965,;0.0086965
81;0.031324,;0.0093347,;0;0.93304,;0.83567,;0.89394,;0.45279,;0.035142,;0.0078674,;0;0.00868,;0.00868,;0.00868
82;0.031063,;0.0090672,;0;0.92143,;0.85008,;0.90291,;0.48404,;0.034226,;0.0076391,;0;0.0086635,;0.0086635,;0.0086635
83;0.032586,;0.0092765,;0;0.92369,;0.84765,;0.89906,;0.46572,;0.034268,;0.007887,;0;0.008647,;0.008647,;0.008647
84;0.031765,;0.0093019,;0;0.92743,;0.85494,;0.89995,;0.47979,;0.033756,;0.0077856,;0;0.0086305,;0.0086305,;0.0086305
85;0.030514,;0.0094897,;0;0.90311,;0.84599,;0.89532,;0.47997,;0.032577,;0.0076188,;0;0.008614,;0.008614,;0.008614
86;0.030263,;0.0092357,;0;0.92837,;0.84927,;0.90029,;0.47381,;0.03359,;0.0078471,;0;0.0085975,;0.0085975,;0.0085975
87;0.030981,;0.0089996,;0;0.93173,;0.85008,;0.89971,;0.48052,;0.034555,;0.00768,;0;0.008581,;0.008581,;0.008581
88;0.031602,;0.0092457,;0;0.93673,;0.82789,;0.89513,;0.477,;0.033604,;0.0076591,;0;0.0085645,;0.0085645,;0.0085645
89;0.030574,;0.0092401,;0;0.94443,;0.82172,;0.89797,;0.47474,;0.033705,;0.0078154,;0;0.008548,;0.008548,;0.008548
90;0.03028,;0.0091629,;0;0.93507,;0.8517,;0.90387,;0.4888,;0.03316,;0.0075748,;0;0.0085315,;0.0085315,;0.0085315
91;0.031004,;0.0090511,;0;0.93345,;0.82977,;0.88589,;0.46597,;0.033449,;0.0079962,;0;0.008515,;0.008515,;0.008515
92;0.030274,;0.0092852,;0;0.92161,;0.84794,;0.89459,;0.48089,;0.032664,;0.0077323,;0;0.0084985,;0.0084985,;0.0084985
93;0.030949,;0.0091038,;0;0.93217,;0.82658,;0.89349,;0.47494,;0.03312,;0.0077607,;0;0.008482,;0.008482,;0.008482
94;0.029324,;0.0087386,;0;0.93361,;0.85089,;0.90737,;0.48666,;0.033109,;0.007394,;0;0.0084655,;0.0084655,;0.0084655
95;0.029615,;0.0089964,;0;0.90975,;0.85768,;0.89989,;0.48519,;0.032926,;0.0076149,;0;0.008449,;0.008449,;0.008449
96;0.029983,;0.0088873,;0;0.93314,;0.84846,;0.89579,;0.48516,;0.032642,;0.0075708,;0;0.0084325,;0.0084325,;0.0084325
97;0.029674,;0.009099,;0;0.92588,;0.85036,;0.8955,;0.48096,;0.032552,;0.0076571,;0;0.008416,;0.008416,;0.008416
98;0.029393,;0.0090183,;0;0.93788,;0.83306,;0.89752,;0.47103,;0.03347,;0.0076868,;0;0.0083995,;0.0083995,;0.0083995
99;0.029572,;0.0089533,;0;0.92177,;0.84983,;0.8964,;0.47888,;0.032573,;0.0076292,;0;0.008383,;0.008383,;0.008383
100;0.02901,;0.0089418,;0;0.92765,;0.85656,;0.90136,;0.48798,;0.032257,;0.0075713,;0;0.0083665,;0.0083665,;0.0083665
101;0.029178,;0.0089383,;0;0.93098,;0.86354,;0.90576,;0.48453,;0.03338,;0.0078302,;0;0.00835,;0.00835,;0.00835
102;0.029907,;0.0088362,;0;0.94511,;0.85116,;0.90408,;0.5005,;0.032513,;0.0076968,;0;0.0083335,;0.0083335,;0.0083335
103;0.029084,;0.0086011,;0;0.93346,;0.83712,;0.89552,;0.48591,;0.032211,;0.0077025,;0;0.008317,;0.008317,;0.008317
104;0.029434,;0.0090016,;0;0.91801,;0.85575,;0.89875,;0.4892,;0.033133,;0.0075942,;0;0.0083005,;0.0083005,;0.0083005
105;0.02967,;0.0091412,;0;0.92751,;0.83989,;0.89443,;0.46611,;0.035443,;0.0077093,;0;0.008284,;0.008284,;0.008284
106;0.030025,;0.008979,;0;0.93748,;0.85058,;0.90434,;0.49492,;0.032764,;0.0074984,;0;0.0082675,;0.0082675,;0.0082675
107;0.029801,;0.0090103,;0;0.92091,;0.85564,;0.89952,;0.49233,;0.032634,;0.0076096,;0;0.008251,;0.008251,;0.008251
108;0.028717,;0.0085631,;0;0.93409,;0.84993,;0.89941,;0.49116,;0.032671,;0.0075771,;0;0.0082345,;0.0082345,;0.0082345
109;0.029444,;0.0089564,;0;0.91348,;0.85251,;0.89697,;0.4815,;0.033091,;0.0077389,;0;0.008218,;0.008218,;0.008218
110;0.029543,;0.0088598,;0;0.93543,;0.84603,;0.89488,;0.48199,;0.032379,;0.0078022,;0;0.0082015,;0.0082015,;0.0082015
111;0.029487,;0.0090672,;0;0.92891,;0.85818,;0.90222,;0.48829,;0.032215,;0.0074726,;0;0.008185,;0.008185,;0.008185
112;0.029604,;0.0086589,;0;0.92887,;0.85712,;0.90403,;0.4972,;0.032608,;0.0075715,;0;0.0081685,;0.0081685,;0.0081685
113;0.027871,;0.0087714,;0;0.94678,;0.84279,;0.90367,;0.4934,;0.032042,;0.0075035,;0;0.008152,;0.008152,;0.008152
114;0.028292,;0.0085362,;0;0.92633,;0.83561,;0.89412,;0.49179,;0.032434,;0.0077269,;0;0.0081355,;0.0081355,;0.0081355
115;0.029327,;0.0086144,;0;0.92868,;0.85468,;0.90006,;0.48834,;0.033388,;0.0075404,;0;0.008119,;0.008119,;0.008119
116;0.02852,;0.0084931,;0;0.93495,;0.8436,;0.90455,;0.48723,;0.032998,;0.0075568,;0;0.0081025,;0.0081025,;0.0081025
117;0.029403,;0.0088738,;0;0.93326,;0.8393,;0.89908,;0.48433,;0.032333,;0.0076424,;0;0.008086,;0.008086,;0.008086
118;0.028794,;0.0085435,;0;0.91855,;0.84996,;0.89672,;0.48677,;0.032056,;0.0076771,;0;0.0080695,;0.0080695,;0.0080695
119;0.028294,;0.008342,;0;0.92196,;0.85279,;0.89881,;0.50201,;0.03218,;0.0075155,;0;0.008053,;0.008053,;0.008053
120;0.027945,;0.0084805,;0;0.93315,;0.84603,;0.89966,;0.48851,;0.032729,;0.0075679,;0;0.0080365,;0.0080365,;0.0080365
121;0.029651,;0.0085008,;0;0.93684,;0.85413,;0.90241,;0.49122,;0.032538,;0.0076206,;0;0.00802,;0.00802,;0.00802
122;0.029296,;0.0086502,;0;0.92244,;0.84813,;0.89878,;0.47515,;0.033458,;0.0077787,;0;0.0080035,;0.0080035,;0.0080035
123;0.02854,;0.0085551,;0;0.94586,;0.85494,;0.90744,;0.49517,;0.031948,;0.0075018,;0;0.007987,;0.007987,;0.007987
124;0.028186,;0.0087197,;0;0.93479,;0.85957,;0.9047,;0.50171,;0.031838,;0.0074605,;0;0.0079705,;0.0079705,;0.0079705
125;0.028636,;0.0086626,;0;0.93652,;0.8608,;0.90365,;0.4992,;0.032315,;0.0075333,;0;0.007954,;0.007954,;0.007954
126;0.027973,;0.0085496,;0;0.92192,;0.85251,;0.89941,;0.48948,;0.032005,;0.007729,;0;0.0079375,;0.0079375,;0.0079375
127;0.028598,;0.0087574,;0;0.93262,;0.84131,;0.90032,;0.48328,;0.032221,;0.0076668,;0;0.007921,;0.007921,;0.007921
128;0.027647,;0.0083296,;0;0.93011,;0.84765,;0.90267,;0.49972,;0.032321,;0.007486,;0;0.0079045,;0.0079045,;0.0079045
129;0.028038,;0.008527,;0;0.93471,;0.8436,;0.89559,;0.49841,;0.031255,;0.0075518,;0;0.007888,;0.007888,;0.007888
130;0.028126,;0.0086546,;0;0.93471,;0.83387,;0.8988,;0.49618,;0.031846,;0.0075399,;0;0.0078715,;0.0078715,;0.0078715
131;0.028546,;0.0086783,;0;0.93487,;0.83757,;0.89973,;0.48775,;0.032663,;0.0075545,;0;0.007855,;0.007855,;0.007855
132;0.028344,;0.0085126,;0;0.92779,;0.84117,;0.89845,;0.48512,;0.032986,;0.0077669,;0;0.0078385,;0.0078385,;0.0078385
133;0.028313,;0.0085225,;0;0.93295,;0.85089,;0.90292,;0.49297,;0.03189,;0.0075807,;0;0.007822,;0.007822,;0.007822
134;0.027783,;0.0087803,;0;0.93246,;0.84198,;0.90493,;0.48861,;0.033315,;0.0076394,;0;0.0078055,;0.0078055,;0.0078055
135;0.028201,;0.008387,;0;0.94014,;0.84001,;0.90389,;0.50171,;0.031682,;0.0074528,;0;0.007789,;0.007789,;0.007789
136;0.027586,;0.0083362,;0;0.94163,;0.84978,;0.90544,;0.5035,;0.031745,;0.0075407,;0;0.0077725,;0.0077725,;0.0077725
137;0.028373,;0.0085809,;0;0.92705,;0.85479,;0.90438,;0.49123,;0.032487,;0.0075862,;0;0.007756,;0.007756,;0.007756
138;0.027841,;0.0086359,;0;0.94475,;0.85494,;0.90861,;0.51085,;0.031063,;0.0074473,;0;0.0077395,;0.0077395,;0.0077395
139;0.02694,;0.0082995,;0;0.94327,;0.85413,;0.90569,;0.51615,;0.030615,;0.0074091,;0;0.007723,;0.007723,;0.007723
140;0.027833,;0.0086574,;0;0.93127,;0.84036,;0.89671,;0.48956,;0.032152,;0.0075812,;0;0.0077065,;0.0077065,;0.0077065
141;0.027585,;0.0086586,;0;0.94605,;0.859,;0.90409,;0.51177,;0.031028,;0.0074673,;0;0.00769,;0.00769,;0.00769
142;0.027718,;0.0083428,;0;0.94022,;0.84927,;0.90526,;0.49782,;0.031949,;0.0074868,;0;0.0076735,;0.0076735,;0.0076735
143;0.026928,;0.0084864,;0;0.93953,;0.8436,;0.90254,;0.50284,;0.031901,;0.0075359,;0;0.007657,;0.007657,;0.007657
144;0.027354,;0.0082638,;0;0.94808,;0.85008,;0.90865,;0.51699,;0.03123,;0.0074222,;0;0.0076405,;0.0076405,;0.0076405
145;0.027641,;0.0084924,;0;0.94511,;0.84846,;0.90689,;0.51869,;0.031109,;0.0073187,;0;0.007624,;0.007624,;0.007624
146;0.026865,;0.0080789,;0;0.91507,;0.85818,;0.89944,;0.49487,;0.033117,;0.0075294,;0;0.0076075,;0.0076075,;0.0076075
147;0.027664,;0.0081855,;0;0.93439,;0.84245,;0.89886,;0.4781,;0.033697,;0.0078296,;0;0.007591,;0.007591,;0.007591
148;0.027071,;0.0085203,;0;0.93149,;0.84603,;0.90257,;0.50729,;0.031665,;0.0076287,;0;0.0075745,;0.0075745,;0.0075745
149;0.027356,;0.0084019,;0;0.9331,;0.84766,;0.90589,;0.51247,;0.032153,;0.0074266,;0;0.007558,;0.007558,;0.007558
150;0.026834,;0.0082264,;0;0.94211,;0.85727,;0.90657,;0.50246,;0.03159,;0.0074511,;0;0.0075415,;0.0075415,;0.0075415
151;0.027048,;0.0082418,;0;0.9366,;0.86305,;0.9091,;0.50677,;0.031725,;0.007521,;0;0.007525,;0.007525,;0.007525
152;0.026543,;0.0082126,;0;0.93265,;0.86404,;0.90756,;0.51875,;0.031336,;0.0073335,;0;0.0075085,;0.0075085,;0.0075085
153;0.027086,;0.0083884,;0;0.94899,;0.85926,;0.91152,;0.52021,;0.031555,;0.007367,;0;0.007492,;0.007492,;0.007492
154;0.027083,;0.0082235,;0;0.9383,;0.8503,;0.89744,;0.5023,;0.032376,;0.0076811,;0;0.0074755,;0.0074755,;0.0074755
155;0.026316,;0.0080963,;0;0.95377,;0.85259,;0.90468,;0.50783,;0.031973,;0.007592,;0;0.007459,;0.007459,;0.007459
156;0.02662,;0.0082607,;0;0.92838,;0.86134,;0.90278,;0.50285,;0.031765,;0.0075344,;0;0.0074425,;0.0074425,;0.0074425
157;0.026988,;0.0085446,;0;0.94104,;0.84077,;0.89988,;0.51027,;0.031324,;0.0074882,;0;0.007426,;0.007426,;0.007426
158;0.026198,;0.0082914,;0;0.93969,;0.85857,;0.90109,;0.49216,;0.032969,;0.0077007,;0;0.0074095,;0.0074095,;0.0074095
159;0.025939,;0.0081198,;0;0.93211,;0.84565,;0.90267,;0.49662,;0.032934,;0.0077473,;0;0.007393,;0.007393,;0.007393
160;0.026395,;0.008019,;0;0.93108,;0.86482,;0.9111,;0.51632,;0.031073,;0.0074085,;0;0.0073765,;0.0073765,;0.0073765
161;0.025559,;0.0079457,;0;0.94167,;0.85033,;0.90608,;0.50581,;0.031741,;0.0073912,;0;0.00736,;0.00736,;0.00736
162;0.026719,;0.0079746,;0;0.94119,;0.84305,;0.89965,;0.51192,;0.032265,;0.007506,;0;0.0073435,;0.0073435,;0.0073435
163;0.027,;0.0085659,;0;0.93999,;0.85112,;0.90491,;0.5038,;0.031603,;0.0075747,;0;0.007327,;0.007327,;0.007327
164;0.026179,;0.0081944,;0;0.92813,;0.85645,;0.90359,;0.50833,;0.031028,;0.0075008,;0;0.0073105,;0.0073105,;0.0073105
165;0.026285,;0.0081347,;0;0.93916,;0.85062,;0.90673,;0.50434,;0.031557,;0.007544,;0;0.007294,;0.007294,;0.007294
166;0.026614,;0.0080195,;0;0.94783,;0.84927,;0.90838,;0.51949,;0.030619,;0.0073785,;0;0.0072775,;0.0072775,;0.0072775
167;0.027176,;0.0083475,;0;0.94128,;0.859,;0.90978,;0.52341,;0.030101,;0.0072814,;0;0.007261,;0.007261,;0.007261
168;0.026639,;0.0079968,;0;0.93606,;0.85418,;0.9041,;0.50532,;0.031353,;0.0075682,;0;0.0072445,;0.0072445,;0.0072445
169;0.026158,;0.0082059,;0;0.93459,;0.85685,;0.90395,;0.49816,;0.032014,;0.0075917,;0;0.007228,;0.007228,;0.007228
170;0.025563,;0.008191,;0;0.92889,;0.85748,;0.91085,;0.51814,;0.031013,;0.0073823,;0;0.0072115,;0.0072115,;0.0072115
171;0.026718,;0.0082552,;0;0.93514,;0.85289,;0.90302,;0.5146,;0.031645,;0.0074869,;0;0.007195,;0.007195,;0.007195
172;0.026427,;0.0081563,;0;0.9408,;0.8499,;0.90656,;0.50724,;0.031677,;0.0074948,;0;0.0071785,;0.0071785,;0.0071785
173;0.026096,;0.0080275,;0;0.93313,;0.85939,;0.91027,;0.51945,;0.031033,;0.0073515,;0;0.007162,;0.007162,;0.007162
174;0.026435,;0.0082633,;0;0.9419,;0.86224,;0.90937,;0.51162,;0.0317,;0.007331,;0;0.0071455,;0.0071455,;0.0071455
175;0.026025,;0.0080702,;0;0.94142,;0.85957,;0.9134,;0.5161,;0.031173,;0.0073378,;0;0.007129,;0.007129,;0.007129
176;0.025621,;0.0080088,;0;0.9517,;0.85494,;0.91369,;0.52603,;0.030253,;0.007367,;0;0.0071125,;0.0071125,;0.0071125
177;0.025332,;0.0080962,;0;0.9448,;0.85981,;0.91143,;0.52088,;0.030322,;0.0073864,;0;0.007096,;0.007096,;0.007096
178;0.025789,;0.0080345,;0;0.93482,;0.86062,;0.90603,;0.51413,;0.030647,;0.0074269,;0;0.0070795,;0.0070795,;0.0070795
179;0.025401,;0.0081337,;0;0.94095,;0.83929,;0.90171,;0.50075,;0.032209,;0.0075865,;0;0.007063,;0.007063,;0.007063
180;0.025599,;0.0077735,;0;0.95426,;0.86229,;0.91924,;0.53207,;0.02991,;0.0073506,;0;0.0070465,;0.0070465,;0.0070465
181;0.026061,;0.0079925,;0;0.94755,;0.85575,;0.91075,;0.52121,;0.030861,;0.0074512,;0;0.00703,;0.00703,;0.00703
182;0.026418,;0.0081107,;0;0.94611,;0.85359,;0.90976,;0.50828,;0.031577,;0.0074352,;0;0.0070135,;0.0070135,;0.0070135
183;0.025795,;0.0079269,;0;0.94871,;0.85446,;0.91045,;0.51519,;0.0312,;0.0073979,;0;0.006997,;0.006997,;0.006997
184;0.025284,;0.0079368,;0;0.94179,;0.86548,;0.91427,;0.52594,;0.030789,;0.0073072,;0;0.0069805,;0.0069805,;0.0069805
185;0.025877,;0.0079983,;0;0.93121,;0.86657,;0.90873,;0.52147,;0.030951,;0.0074032,;0;0.006964,;0.006964,;0.006964
186;0.025503,;0.0080356,;0;0.92053,;0.86548,;0.89845,;0.50858,;0.031571,;0.0075775,;0;0.0069475,;0.0069475,;0.0069475
187;0.025479,;0.0080338,;0;0.93734,;0.85332,;0.90458,;0.51834,;0.030346,;0.0074639,;0;0.006931,;0.006931,;0.006931
188;0.025713,;0.0075893,;0;0.94598,;0.8657,;0.91346,;0.52472,;0.030556,;0.0072983,;0;0.0069145,;0.0069145,;0.0069145
189;0.025492,;0.0081125,;0;0.94101,;0.85312,;0.90861,;0.5192,;0.030876,;0.0073708,;0;0.006898,;0.006898,;0.006898
190;0.025553,;0.0078756,;0;0.94159,;0.85737,;0.91329,;0.52258,;0.030146,;0.0073467,;0;0.0068815,;0.0068815,;0.0068815
191;0.025272,;0.0081428,;0;0.94972,;0.85737,;0.91607,;0.51797,;0.030509,;0.0073634,;0;0.006865,;0.006865,;0.006865
192;0.024729,;0.0080151,;0;0.94784,;0.84927,;0.90997,;0.5208,;0.03037,;0.007519,;0;0.0068485,;0.0068485,;0.0068485
193;0.025019,;0.0079693,;0;0.9484,;0.86392,;0.91336,;0.52359,;0.030382,;0.0074068,;0;0.006832,;0.006832,;0.006832
194;0.025654,;0.007946,;0;0.93657,;0.85656,;0.91139,;0.52699,;0.030725,;0.0072104,;0;0.0068155,;0.0068155,;0.0068155
195;0.024625,;0.0078772,;0;0.93821,;0.85332,;0.91776,;0.53318,;0.030108,;0.0073648,;0;0.006799,;0.006799,;0.006799
196;0.025517,;0.0081566,;0;0.93004,;0.87264,;0.91828,;0.5138,;0.030872,;0.0074614,;0;0.0067825,;0.0067825,;0.0067825
197;0.025203,;0.0080866,;0;0.93878,;0.85656,;0.90882,;0.51471,;0.030727,;0.0075074,;0;0.006766,;0.006766,;0.006766
198;0.025545,;0.0077659,;0;0.94263,;0.86552,;0.91406,;0.52088,;0.030511,;0.0074798,;0;0.0067495,;0.0067495,;0.0067495
199;0.024691,;0.0079323,;0;0.93853,;0.87196,;0.91374,;0.52396,;0.030466,;0.0074773,;0;0.006733,;0.006733,;0.006733
200;0.025067,;0.0082423,;0;0.94711,;0.87061,;0.91165,;0.53042,;0.030364,;0.0074775,;0;0.0067165,;0.0067165,;0.0067165
201;0.024927,;0.0078474,;0;0.94766,;0.86062,;0.90924,;0.53096,;0.030023,;0.0074551,;0;0.0067,;0.0067,;0.0067
202;0.024411,;0.0080342,;0;0.94383,;0.8578,;0.9141,;0.52643,;0.030252,;0.0074572,;0;0.0066835,;0.0066835,;0.0066835
203;0.024595,;0.0076008,;0;0.95119,;0.85726,;0.91531,;0.5252,;0.030418,;0.0073445,;0;0.006667,;0.006667,;0.006667
204;0.024672,;0.0079862,;0;0.94902,;0.84487,;0.90726,;0.52516,;0.029983,;0.0073676,;0;0.0066505,;0.0066505,;0.0066505
205;0.024972,;0.0077851,;0;0.93713,;0.84603,;0.9048,;0.53009,;0.029884,;0.0073436,;0;0.006634,;0.006634,;0.006634
206;0.024828,;0.007637,;0;0.94167,;0.85332,;0.90958,;0.52675,;0.030691,;0.0074366,;0;0.0066175,;0.0066175,;0.0066175
207;0.025044,;0.0076284,;0;0.93969,;0.85865,;0.90951,;0.52387,;0.030825,;0.007623,;0;0.006601,;0.006601,;0.006601
208;0.025095,;0.0078298,;0;0.93796,;0.86386,;0.91196,;0.52857,;0.030087,;0.0074318,;0;0.0065845,;0.0065845,;0.0065845
209;0.024829,;0.0075762,;0;0.93496,;0.85041,;0.91118,;0.5278,;0.030097,;0.0074817,;0;0.006568,;0.006568,;0.006568
210;0.025078,;0.0076892,;0;0.94517,;0.86526,;0.91366,;0.52729,;0.030225,;0.007484,;0;0.0065515,;0.0065515,;0.0065515
211;0.024911,;0.008009,;0;0.92721,;0.86716,;0.9157,;0.51879,;0.030833,;0.007496,;0;0.006535,;0.006535,;0.006535
212;0.025268,;0.0078764,;0;0.9358,;0.86932,;0.9132,;0.52651,;0.030512,;0.0074124,;0;0.0065185,;0.0065185,;0.0065185
213;0.0251,;0.0079869,;0;0.92353,;0.86791,;0.91226,;0.51849,;0.030616,;0.0074327,;0;0.006502,;0.006502,;0.006502
214;0.024808,;0.0075656,;0;0.93149,;0.85938,;0.90905,;0.51994,;0.030172,;0.007386,;0;0.0064855,;0.0064855,;0.0064855
215;0.024174,;0.0076184,;0;0.94797,;0.85089,;0.91264,;0.52291,;0.030205,;0.0074518,;0;0.006469,;0.006469,;0.006469
216;0.024812,;0.007686,;0;0.94268,;0.86143,;0.91537,;0.52639,;0.030412,;0.0073932,;0;0.0064525,;0.0064525,;0.0064525
217;0.025039,;0.0079492,;0;0.95036,;0.85575,;0.9159,;0.53363,;0.030306,;0.007265,;0;0.006436,;0.006436,;0.006436
218;0.024917,;0.0079856,;0;0.94474,;0.87105,;0.91318,;0.52641,;0.030738,;0.0073085,;0;0.0064195,;0.0064195,;0.0064195
219;0.023916,;0.007841,;0;0.94239,;0.86171,;0.91321,;0.51422,;0.031071,;0.0073982,;0;0.006403,;0.006403,;0.006403
220;0.024569,;0.0076677,;0;0.95171,;0.85807,;0.91324,;0.51646,;0.03099,;0.0073852,;0;0.0063865,;0.0063865,;0.0063865
221;0.02434,;0.0077737,;0;0.94238,;0.86218,;0.91734,;0.53245,;0.030179,;0.0074202,;0;0.00637,;0.00637,;0.00637
222;0.024427,;0.00767,;0;0.93666,;0.85981,;0.91212,;0.52137,;0.030734,;0.0073646,;0;0.0063535,;0.0063535,;0.0063535
223;0.025064,;0.0078254,;0;0.9451,;0.85092,;0.91631,;0.52759,;0.030116,;0.0072467,;0;0.006337,;0.006337,;0.006337
224;0.024012,;0.0076484,;0;0.93183,;0.87115,;0.91576,;0.53281,;0.030461,;0.0073515,;0;0.0063205,;0.0063205,;0.0063205
225;0.023914,;0.0079546,;0;0.94381,;0.87193,;0.91818,;0.53091,;0.03047,;0.0074436,;0;0.006304,;0.006304,;0.006304
226;0.024342,;0.0076069,;0;0.93992,;0.87024,;0.9159,;0.52824,;0.030347,;0.0073196,;0;0.0062875,;0.0062875,;0.0062875
227;0.02398,;0.0077804,;0;0.94552,;0.85863,;0.9116,;0.52755,;0.030348,;0.0074172,;0;0.006271,;0.006271,;0.006271
228;0.023952,;0.0078426,;0;0.93555,;0.87116,;0.91349,;0.5367,;0.030178,;0.0074582,;0;0.0062545,;0.0062545,;0.0062545
229;0.024696,;0.0076292,;0;0.943,;0.87143,;0.91725,;0.53588,;0.030376,;0.0073792,;0;0.006238,;0.006238,;0.006238
230;0.023338,;0.0076465,;0;0.94231,;0.86386,;0.91304,;0.53355,;0.030251,;0.0074103,;0;0.0062215,;0.0062215,;0.0062215
231;0.024237,;0.0077863,;0;0.94538,;0.86968,;0.91356,;0.52383,;0.03039,;0.0073676,;0;0.006205,;0.006205,;0.006205
232;0.024697,;0.0080489,;0;0.94454,;0.87034,;0.9144,;0.53137,;0.030204,;0.007309,;0;0.0061885,;0.0061885,;0.0061885
233;0.023839,;0.0074648,;0;0.94697,;0.87277,;0.92243,;0.53796,;0.030008,;0.0072669,;0;0.006172,;0.006172,;0.006172
234;0.024188,;0.0077736,;0;0.93008,;0.87844,;0.91814,;0.52628,;0.030476,;0.0073282,;0;0.0061555,;0.0061555,;0.0061555
235;0.024735,;0.0077008,;0;0.93534,;0.86744,;0.91705,;0.53137,;0.029976,;0.0072707,;0;0.006139,;0.006139,;0.006139
236;0.023659,;0.0076584,;0;0.92715,;0.86637,;0.91646,;0.53288,;0.030224,;0.0073458,;0;0.0061225,;0.0061225,;0.0061225
237;0.023857,;0.0075964,;0;0.9295,;0.87682,;0.91594,;0.53029,;0.029973,;0.0073826,;0;0.006106,;0.006106,;0.006106
238;0.02319,;0.0077374,;0;0.94191,;0.86224,;0.91404,;0.5254,;0.03028,;0.0073583,;0;0.0060895,;0.0060895,;0.0060895
239;0.023452,;0.0076003,;0;0.94301,;0.85656,;0.91537,;0.53777,;0.029714,;0.0073978,;0;0.006073,;0.006073,;0.006073
240;0.0233,;0.0075611,;0;0.93947,;0.87763,;0.91641,;0.53538,;0.029758,;0.007431,;0;0.0060565,;0.0060565,;0.0060565
241;0.023558,;0.0075685,;0;0.93172,;0.86953,;0.91645,;0.52668,;0.030395,;0.007452,;0;0.00604,;0.00604,;0.00604
242;0.023817,;0.0075831,;0;0.92817,;0.87763,;0.9165,;0.53325,;0.029843,;0.0073472,;0;0.0060235,;0.0060235,;0.0060235
243;0.024074,;0.0074956,;0;0.94419,;0.87196,;0.91981,;0.52583,;0.030166,;0.0074142,;0;0.006007,;0.006007,;0.006007
244;0.023442,;0.0075423,;0;0.94789,;0.85501,;0.91353,;0.52699,;0.0301,;0.0073776,;0;0.0059905,;0.0059905,;0.0059905
245;0.02343,;0.0076407,;0;0.94679,;0.87186,;0.92123,;0.54261,;0.029553,;0.0073238,;0;0.005974,;0.005974,;0.005974
246;0.023455,;0.0075862,;0;0.94027,;0.86282,;0.91648,;0.5442,;0.029394,;0.0073049,;0;0.0059575,;0.0059575,;0.0059575
247;0.023945,;0.0076497,;0;0.93926,;0.86861,;0.91898,;0.53221,;0.030298,;0.0073812,;0;0.005941,;0.005941,;0.005941
248;0.024385,;0.0076899,;0;0.94846,;0.87601,;0.92022,;0.53743,;0.029673,;0.0073317,;0;0.0059245,;0.0059245,;0.0059245
249;0.023438,;0.0075258,;0;0.951,;0.86509,;0.9159,;0.53452,;0.029964,;0.0074345,;0;0.005908,;0.005908,;0.005908
250;0.02379,;0.0075976,;0;0.95159,;0.84522,;0.90961,;0.53039,;0.030332,;0.0075275,;0;0.0058915,;0.0058915,;0.0058915
251;0.023308,;0.007417,;0;0.95022,;0.85142,;0.91308,;0.53308,;0.02998,;0.0073992,;0;0.005875,;0.005875,;0.005875
252;0.023521,;0.0075055,;0;0.94552,;0.86305,;0.91456,;0.53113,;0.030345,;0.0074498,;0;0.0058585,;0.0058585,;0.0058585
253;0.022948,;0.0076078,;0;0.9436,;0.86386,;0.91567,;0.54239,;0.02969,;0.0074049,;0;0.005842,;0.005842,;0.005842
254;0.023201,;0.0074291,;0;0.94857,;0.86689,;0.92016,;0.53293,;0.029962,;0.0074258,;0;0.0058255,;0.0058255,;0.0058255
255;0.023836,;0.007486,;0;0.94934,;0.86555,;0.92108,;0.53563,;0.029236,;0.0073758,;0;0.005809,;0.005809,;0.005809
256;0.023679,;0.0076591,;0;0.9475,;0.87034,;0.92081,;0.54298,;0.029141,;0.0072597,;0;0.0057925,;0.0057925,;0.0057925
257;0.02288,;0.0073323,;0;0.951,;0.86499,;0.91681,;0.53462,;0.029583,;0.0073431,;0;0.005776,;0.005776,;0.005776
258;0.022648,;0.0072671,;0;0.93966,;0.87069,;0.92116,;0.54837,;0.029014,;0.0073082,;0;0.0057595,;0.0057595,;0.0057595
259;0.022996,;0.0074152,;0;0.94982,;0.86062,;0.92051,;0.54282,;0.029504,;0.0072295,;0;0.005743,;0.005743,;0.005743
260;0.023239,;0.0073944,;0;0.94008,;0.8645,;0.92056,;0.53935,;0.029704,;0.0072722,;0;0.0057265,;0.0057265,;0.0057265
261;0.022805,;0.0073696,;0;0.94207,;0.86548,;0.91866,;0.53486,;0.030048,;0.0073191,;0;0.00571,;0.00571,;0.00571
262;0.02339,;0.0073989,;0;0.93079,;0.87358,;0.91627,;0.53401,;0.030137,;0.0073611,;0;0.0056935,;0.0056935,;0.0056935
263;0.023261,;0.0073969,;0;0.94054,;0.8752,;0.92078,;0.54601,;0.029565,;0.007245,;0;0.005677,;0.005677,;0.005677
264;0.023649,;0.0075176,;0;0.93276,;0.88006,;0.9173,;0.53458,;0.030248,;0.0074348,;0;0.0056605,;0.0056605,;0.0056605
265;0.023115,;0.0075479,;0;0.95077,;0.86305,;0.91766,;0.53356,;0.029521,;0.0072592,;0;0.005644,;0.005644,;0.005644
266;0.023384,;0.0076818,;0;0.93888,;0.87186,;0.9241,;0.55314,;0.02875,;0.00712,;0;0.0056275,;0.0056275,;0.0056275
267;0.022704,;0.0074528,;0;0.94004,;0.87277,;0.9193,;0.54627,;0.029193,;0.0072151,;0;0.005611,;0.005611,;0.005611
268;0.022703,;0.0073789,;0;0.93125,;0.87811,;0.91988,;0.54134,;0.02953,;0.0072554,;0;0.0055945,;0.0055945,;0.0055945
269;0.023076,;0.0071601,;0;0.94381,;0.85759,;0.91617,;0.53864,;0.029538,;0.0073166,;0;0.005578,;0.005578,;0.005578
270;0.02389,;0.0074323,;0;0.93322,;0.86953,;0.91803,;0.53897,;0.029498,;0.0072977,;0;0.0055615,;0.0055615,;0.0055615
271;0.0233,;0.0073789,;0;0.93052,;0.86822,;0.91722,;0.54295,;0.029612,;0.0073687,;0;0.005545,;0.005545,;0.005545
272;0.023973,;0.0074606,;0;0.93422,;0.87471,;0.91975,;0.53982,;0.029894,;0.0074047,;0;0.0055285,;0.0055285,;0.0055285
273;0.023277,;0.007284,;0;0.94178,;0.86516,;0.91745,;0.53582,;0.029921,;0.007346,;0;0.005512,;0.005512,;0.005512
274;0.022655,;0.007196,;0;0.9436,;0.86776,;0.92141,;0.53714,;0.029782,;0.007308,;0;0.0054955,;0.0054955,;0.0054955
275;0.022386,;0.0073139,;0;0.94494,;0.86467,;0.92193,;0.54406,;0.029415,;0.0072737,;0;0.005479,;0.005479,;0.005479
276;0.023252,;0.0072907,;0;0.93817,;0.86062,;0.91503,;0.53963,;0.029715,;0.007355,;0;0.0054625,;0.0054625,;0.0054625
277;0.023207,;0.007448,;0;0.93314,;0.87087,;0.91641,;0.54127,;0.029796,;0.0072948,;0;0.005446,;0.005446,;0.005446
278;0.022818,;0.0073388,;0;0.93934,;0.87682,;0.92034,;0.54391,;0.029635,;0.0072492,;0;0.0054295,;0.0054295,;0.0054295
279;0.02276,;0.0075442,;0;0.95024,;0.85981,;0.92148,;0.54789,;0.02954,;0.0072627,;0;0.005413,;0.005413,;0.005413
280;0.022371,;0.0072895,;0;0.94102,;0.87844,;0.92291,;0.54513,;0.029495,;0.0072276,;0;0.0053965,;0.0053965,;0.0053965
281;0.022801,;0.0072691,;0;0.94291,;0.87034,;0.92041,;0.54026,;0.029728,;0.0072514,;0;0.00538,;0.00538,;0.00538
282;0.022693,;0.0075981,;0;0.94699,;0.88314,;0.92317,;0.53732,;0.029946,;0.0072591,;0;0.0053635,;0.0053635,;0.0053635
283;0.022634,;0.0072106,;0;0.94764,;0.86539,;0.9199,;0.54487,;0.029552,;0.0072021,;0;0.005347,;0.005347,;0.005347
284;0.023071,;0.0072932,;0;0.93242,;0.86953,;0.91805,;0.54351,;0.02929,;0.0071975,;0;0.0053305,;0.0053305,;0.0053305
285;0.022557,;0.0070882,;0;0.94844,;0.86305,;0.92219,;0.53796,;0.029608,;0.0072899,;0;0.005314,;0.005314,;0.005314
286;0.022482,;0.0071094,;0;0.9302,;0.87479,;0.91694,;0.54379,;0.029376,;0.0073238,;0;0.0052975,;0.0052975,;0.0052975
287;0.023039,;0.0073623,;0;0.93753,;0.86143,;0.91371,;0.54053,;0.029262,;0.0074108,;0;0.005281,;0.005281,;0.005281
288;0.022789,;0.0075841,;0;0.94629,;0.86224,;0.91237,;0.53829,;0.029234,;0.0074725,;0;0.0052645,;0.0052645,;0.0052645
289;0.022891,;0.0070663,;0;0.9381,;0.87601,;0.91841,;0.5407,;0.029745,;0.0074077,;0;0.005248,;0.005248,;0.005248
290;0.02299,;0.0074178,;0;0.93848,;0.87837,;0.92262,;0.54213,;0.029322,;0.0073584,;0;0.0052315,;0.0052315,;0.0052315
291;0.023059,;0.0072596,;0;0.93369,;0.8793,;0.92252,;0.54283,;0.029067,;0.0072668,;0;0.005215,;0.005215,;0.005215
292;0.022796,;0.007291,;0;0.94399,;0.87482,;0.92252,;0.54251,;0.029445,;0.0072501,;0;0.0051985,;0.0051985,;0.0051985
293;0.021739,;0.0072659,;0;0.95307,;0.87225,;0.91912,;0.54441,;0.029463,;0.0072705,;0;0.005182,;0.005182,;0.005182
294;0.022711,;0.0071175,;0;0.94287,;0.86941,;0.91875,;0.54325,;0.029548,;0.0072992,;0;0.0051655,;0.0051655,;0.0051655
295;0.022779,;0.0072364,;0;0.94186,;0.87951,;0.92476,;0.54214,;0.029955,;0.0073467,;0;0.005149,;0.005149,;0.005149
296;0.022062,;0.007135,;0;0.93777,;0.87927,;0.91825,;0.54574,;0.029552,;0.0073168,;0;0.0051325,;0.0051325,;0.0051325
297;0.022456,;0.0075137,;0;0.93854,;0.87927,;0.92287,;0.54457,;0.029435,;0.0073762,;0;0.005116,;0.005116,;0.005116
298;0.02266,;0.0070707,;0;0.9413,;0.87835,;0.92456,;0.54439,;0.029424,;0.0074138,;0;0.0050995,;0.0050995,;0.0050995
299;0.022325,;0.0072102,;0;0.93791,;0.87835,;0.9243,;0.5454,;0.029303,;0.0073719,;0;0.005083,;0.005083,;0.005083
300;0.022266,;0.0072386,;0;0.93223,;0.88061,;0.92581,;0.55068,;0.029324,;0.0073559,;0;0.0050665,;0.0050665,;0.0050665
301;0.021665,;0.0070565,;0;0.95098,;0.8671,;0.9233,;0.54807,;0.029503,;0.007328,;0;0.00505,;0.00505,;0.00505
302;0.022394,;0.0074335,;0;0.94748,;0.86953,;0.92355,;0.54638,;0.029461,;0.0072848,;0;0.0050335,;0.0050335,;0.0050335
303;0.022015,;0.0071594,;0;0.94036,;0.88156,;0.92779,;0.55209,;0.029409,;0.007286,;0;0.005017,;0.005017,;0.005017
304;0.021893,;0.0072338,;0;0.94007,;0.88981,;0.92788,;0.55138,;0.029547,;0.0072926,;0;0.0050005,;0.0050005,;0.0050005
305;0.021564,;0.0072701,;0;0.93616,;0.88817,;0.92679,;0.54534,;0.029752,;0.007336,;0;0.004984,;0.004984,;0.004984
306;0.022188,;0.0071892,;0;0.94716,;0.88169,;0.92869,;0.54626,;0.02976,;0.0073924,;0;0.0049675,;0.0049675,;0.0049675
307;0.02225,;0.0072451,;0;0.94942,;0.87682,;0.92492,;0.54364,;0.029418,;0.0074521,;0;0.004951,;0.004951,;0.004951
308;0.022287,;0.0071688,;0;0.94605,;0.88101,;0.92689,;0.54988,;0.029313,;0.007352,;0;0.0049345,;0.0049345,;0.0049345
309;0.022416,;0.007373,;0;0.94243,;0.87682,;0.92309,;0.54819,;0.029403,;0.0073166,;0;0.004918,;0.004918,;0.004918
310;0.022227,;0.0071253,;0;0.93911,;0.88006,;0.924,;0.53968,;0.029777,;0.0073627,;0;0.0049015,;0.0049015,;0.0049015
311;0.022448,;0.0072465,;0;0.9443,;0.88006,;0.92738,;0.5413,;0.029874,;0.0073983,;0;0.004885,;0.004885,;0.004885
312;0.021421,;0.007188,;0;0.93734,;0.88331,;0.9266,;0.54403,;0.029579,;0.0073632,;0;0.0048685,;0.0048685,;0.0048685
313;0.022095,;0.0068904,;0;0.94055,;0.8847,;0.92876,;0.55794,;0.02894,;0.0073011,;0;0.004852,;0.004852,;0.004852
314;0.021956,;0.0072023,;0;0.93836,;0.87844,;0.92344,;0.55062,;0.029353,;0.0073762,;0;0.0048355,;0.0048355,;0.0048355
315;0.021558,;0.0072744,;0;0.93931,;0.87794,;0.91943,;0.54183,;0.029727,;0.0074437,;0;0.004819,;0.004819,;0.004819
316;0.022103,;0.0071916,;0;0.93186,;0.88661,;0.92056,;0.54354,;0.029473,;0.0074349,;0;0.0048025,;0.0048025,;0.0048025
317;0.021689,;0.0070883,;0;0.92865,;0.88602,;0.92087,;0.54328,;0.029309,;0.0074512,;0;0.004786,;0.004786,;0.004786
318;0.021321,;0.0070068,;0;0.9361,;0.86953,;0.92122,;0.54728,;0.029022,;0.0074542,;0;0.0047695,;0.0047695,;0.0047695
319;0.020937,;0.007057,;0;0.93571,;0.87277,;0.92226,;0.55147,;0.028762,;0.0073871,;0;0.004753,;0.004753,;0.004753
320;0.021088,;0.0067601,;0;0.93483,;0.87187,;0.92514,;0.55243,;0.028683,;0.007369,;0;0.0047365,;0.0047365,;0.0047365
321;0.021458,;0.0069744,;0;0.9267,;0.87358,;0.92145,;0.54674,;0.029031,;0.0074169,;0;0.00472,;0.00472,;0.00472
322;0.021775,;0.0070584,;0;0.93836,;0.86386,;0.92085,;0.54964,;0.028851,;0.007346,;0;0.0047035,;0.0047035,;0.0047035
323;0.021248,;0.007225,;0;0.93636,;0.87196,;0.91963,;0.55277,;0.028416,;0.0073132,;0;0.004687,;0.004687,;0.004687
324;0.021546,;0.0072208,;0;0.93148,;0.88137,;0.92258,;0.54995,;0.02881,;0.007333,;0;0.0046705,;0.0046705,;0.0046705
325;0.02251,;0.0072285,;0;0.93902,;0.87344,;0.92252,;0.54437,;0.029295,;0.007417,;0;0.004654,;0.004654,;0.004654
326;0.021778,;0.0070818,;0;0.93816,;0.8728,;0.92238,;0.54632,;0.029357,;0.0073804,;0;0.0046375,;0.0046375,;0.0046375
327;0.021897,;0.0070364,;0;0.94603,;0.86652,;0.92218,;0.55284,;0.029139,;0.0073264,;0;0.004621,;0.004621,;0.004621
328;0.02145,;0.0071515,;0;0.94758,;0.86548,;0.9186,;0.54907,;0.029363,;0.0073706,;0;0.0046045,;0.0046045,;0.0046045
329;0.021175,;0.0069799,;0;0.94485,;0.87277,;0.92294,;0.55103,;0.029269,;0.0073107,;0;0.004588,;0.004588,;0.004588
330;0.022196,;0.0072769,;0;0.93628,;0.88331,;0.92407,;0.55084,;0.02919,;0.0073079,;0;0.0045715,;0.0045715,;0.0045715
331;0.021809,;0.0070872,;0;0.94477,;0.87329,;0.92461,;0.55011,;0.029123,;0.0073292,;0;0.004555,;0.004555,;0.004555
332;0.021596,;0.0071478,;0;0.94746,;0.87678,;0.92306,;0.55118,;0.029128,;0.0073496,;0;0.0045385,;0.0045385,;0.0045385
333;0.021557,;0.0072121,;0;0.93583,;0.87763,;0.92366,;0.54838,;0.02936,;0.007413,;0;0.004522,;0.004522,;0.004522
334;0.021099,;0.0069087,;0;0.93726,;0.87835,;0.92379,;0.54994,;0.029666,;0.0074168,;0;0.0045055,;0.0045055,;0.0045055
335;0.021208,;0.007027,;0;0.93683,;0.87725,;0.92085,;0.54774,;0.029666,;0.0073389,;0;0.004489,;0.004489,;0.004489
336;0.021906,;0.0069278,;0;0.93209,;0.87763,;0.92016,;0.54551,;0.029584,;0.0072787,;0;0.0044725,;0.0044725,;0.0044725
337;0.02129,;0.0066913,;0;0.94231,;0.87428,;0.92399,;0.54571,;0.029805,;0.0072903,;0;0.004456,;0.004456,;0.004456
338;0.021918,;0.0069527,;0;0.9424,;0.86942,;0.92393,;0.54712,;0.029597,;0.0072847,;0;0.0044395,;0.0044395,;0.0044395
339;0.021525,;0.0070494,;0;0.93946,;0.86942,;0.9195,;0.55256,;0.029105,;0.0072292,;0;0.004423,;0.004423,;0.004423
340;0.021436,;0.0069735,;0;0.94451,;0.86968,;0.91863,;0.55453,;0.028973,;0.0072032,;0;0.0044065,;0.0044065,;0.0044065
341;0.021158,;0.0070198,;0;0.94036,;0.86537,;0.91669,;0.55151,;0.028934,;0.0072551,;0;0.00439,;0.00439,;0.00439
342;0.021431,;0.0070612,;0;0.94106,;0.86767,;0.92339,;0.55406,;0.028655,;0.0072237,;0;0.0043735,;0.0043735,;0.0043735
343;0.020673,;0.0071319,;0;0.9367,;0.8752,;0.91981,;0.55305,;0.028702,;0.0072381,;0;0.004357,;0.004357,;0.004357
344;0.021073,;0.0069431,;0;0.93633,;0.87186,;0.91973,;0.551,;0.02882,;0.0072724,;0;0.0043405,;0.0043405,;0.0043405
345;0.020971,;0.0070724,;0;0.94091,;0.87024,;0.9227,;0.55389,;0.028714,;0.0072864,;0;0.004324,;0.004324,;0.004324
346;0.021127,;0.0069965,;0;0.94538,;0.87024,;0.92548,;0.555,;0.028797,;0.0072795,;0;0.0043075,;0.0043075,;0.0043075
347;0.021101,;0.0072084,;0;0.94667,;0.8678,;0.92464,;0.5524,;0.029124,;0.0073142,;0;0.004291,;0.004291,;0.004291
348;0.020872,;0.006712,;0;0.94523,;0.86784,;0.92741,;0.55685,;0.028893,;0.0072976,;0;0.0042745,;0.0042745,;0.0042745
349;0.0211,;0.0073363,;0;0.93891,;0.86791,;0.92333,;0.55859,;0.028701,;0.0072798,;0;0.004258,;0.004258,;0.004258
350;0.020348,;0.0067829,;0;0.93403,;0.87206,;0.92299,;0.55405,;0.029044,;0.0073093,;0;0.0042415,;0.0042415,;0.0042415
351;0.020795,;0.0071066,;0;0.93729,;0.86791,;0.92143,;0.55449,;0.029176,;0.0073012,;0;0.004225,;0.004225,;0.004225
352;0.021362,;0.0069726,;0;0.9404,;0.8671,;0.92358,;0.55812,;0.02903,;0.0072481,;0;0.0042085,;0.0042085,;0.0042085
353;0.020616,;0.0070823,;0;0.93641,;0.87112,;0.92121,;0.5535,;0.029276,;0.0072323,;0;0.004192,;0.004192,;0.004192
354;0.02042,;0.0067531,;0;0.93339,;0.87436,;0.92049,;0.55371,;0.029155,;0.0072079,;0;0.0041755,;0.0041755,;0.0041755
355;0.020554,;0.0068164,;0;0.9402,;0.87115,;0.92188,;0.55417,;0.028949,;0.0072146,;0;0.004159,;0.004159,;0.004159
356;0.020937,;0.0066614,;0;0.93955,;0.86548,;0.92275,;0.55452,;0.028953,;0.007195,;0;0.0041425,;0.0041425,;0.0041425
357;0.020997,;0.0070224,;0;0.94187,;0.86738,;0.92341,;0.55608,;0.028845,;0.0071858,;0;0.004126,;0.004126,;0.004126
358;0.020861,;0.0068797,;0;0.93185,;0.87925,;0.92209,;0.55645,;0.028824,;0.0071879,;0;0.0041095,;0.0041095,;0.0041095
359;0.020886,;0.0067784,;0;0.93844,;0.87601,;0.92439,;0.54938,;0.02917,;0.007263,;0;0.004093,;0.004093,;0.004093
360;0.020732,;0.0067802,;0;0.93912,;0.86629,;0.91976,;0.54909,;0.029208,;0.0072898,;0;0.0040765,;0.0040765,;0.0040765
361;0.021153,;0.0070571,;0;0.93379,;0.8686,;0.91983,;0.55061,;0.029024,;0.0072456,;0;0.00406,;0.00406,;0.00406
362;0.020333,;0.0070152,;0;0.93713,;0.86791,;0.92509,;0.55173,;0.028971,;0.0072074,;0;0.0040435,;0.0040435,;0.0040435
363;0.020656,;0.0066966,;0;0.94196,;0.86803,;0.92393,;0.55141,;0.028989,;0.0072265,;0;0.004027,;0.004027,;0.004027
364;0.020651,;0.0066399,;0;0.94495,;0.86237,;0.92267,;0.55386,;0.028922,;0.0072184,;0;0.0040105,;0.0040105,;0.0040105
365;0.020787,;0.0067943,;0;0.94277,;0.86791,;0.92452,;0.55229,;0.028971,;0.0072438,;0;0.003994,;0.003994,;0.003994
366;0.020916,;0.0071502,;0;0.94267,;0.86617,;0.9196,;0.55383,;0.028871,;0.0072654,;0;0.0039775,;0.0039775,;0.0039775
367;0.02028,;0.0067353,;0;0.93475,;0.86375,;0.91643,;0.55268,;0.028868,;0.0072666,;0;0.003961,;0.003961,;0.003961
368;0.021081,;0.0068888,;0;0.93135,;0.87115,;0.91799,;0.55091,;0.028951,;0.0072877,;0;0.0039445,;0.0039445,;0.0039445
369;0.021324,;0.0069052,;0;0.93206,;0.87439,;0.91861,;0.54839,;0.029052,;0.007329,;0;0.003928,;0.003928,;0.003928
370;0.02047,;0.0068444,;0;0.93247,;0.87682,;0.91968,;0.54822,;0.028995,;0.0073587,;0;0.0039115,;0.0039115,;0.0039115
371;0.020897,;0.0066882,;0;0.93294,;0.8752,;0.9203,;0.55068,;0.02895,;0.007369,;0;0.003895,;0.003895,;0.003895
372;0.020358,;0.0067057,;0;0.9356,;0.87267,;0.92379,;0.55178,;0.028897,;0.0073686,;0;0.0038785,;0.0038785,;0.0038785
373;0.020511,;0.0068065,;0;0.9396,;0.87439,;0.9236,;0.55319,;0.028889,;0.0073899,;0;0.003862,;0.003862,;0.003862
374;0.020385,;0.0068056,;0;0.94965,;0.87121,;0.92166,;0.55157,;0.028929,;0.007392,;0;0.0038455,;0.0038455,;0.0038455
375;0.020854,;0.0068622,;0;0.94499,;0.87115,;0.92082,;0.55158,;0.028923,;0.0073461,;0;0.003829,;0.003829,;0.003829
376;0.020782,;0.0070144,;0;0.9444,;0.86715,;0.9176,;0.55135,;0.02898,;0.0073664,;0;0.0038125,;0.0038125,;0.0038125
377;0.019778,;0.0067762,;0;0.94314,;0.86942,;0.92035,;0.55073,;0.028997,;0.0073621,;0;0.003796,;0.003796,;0.003796
378;0.019888,;0.0069061,;0;0.9392,;0.87703,;0.91958,;0.5531,;0.029052,;0.007362,;0;0.0037795,;0.0037795,;0.0037795
379;0.020524,;0.0065655,;0;0.9485,;0.87105,;0.92091,;0.5497,;0.029243,;0.0073647,;0;0.003763,;0.003763,;0.003763
380;0.019631,;0.0066196,;0;0.9372,;0.88564,;0.9245,;0.55009,;0.029319,;0.0073671,;0;0.0037465,;0.0037465,;0.0037465
381;0.020304,;0.0068746,;0;0.94139,;0.88321,;0.92776,;0.54947,;0.029215,;0.0073884,;0;0.00373,;0.00373,;0.00373
382;0.020444,;0.0067467,;0;0.94255,;0.87746,;0.92706,;0.55188,;0.029203,;0.0073932,;0;0.0037135,;0.0037135,;0.0037135
383;0.020222,;0.0065889,;0;0.93547,;0.88115,;0.92353,;0.55242,;0.029197,;0.007413,;0;0.003697,;0.003697,;0.003697
384;0.020364,;0.0068578,;0;0.94489,;0.87533,;0.92286,;0.55542,;0.029057,;0.0073837,;0;0.0036805,;0.0036805,;0.0036805
385;0.020413,;0.0068211,;0;0.94277,;0.8752,;0.92247,;0.55599,;0.029065,;0.007377,;0;0.003664,;0.003664,;0.003664
386;0.020165,;0.0067896,;0;0.94634,;0.87242,;0.92102,;0.55484,;0.0291,;0.007384,;0;0.0036475,;0.0036475,;0.0036475
387;0.020179,;0.006768,;0;0.95339,;0.87115,;0.92256,;0.55534,;0.029015,;0.0073679,;0;0.003631,;0.003631,;0.003631
388;0.019704,;0.0065903,;0;0.94711,;0.87925,;0.92474,;0.55521,;0.029181,;0.0074172,;0;0.0036145,;0.0036145,;0.0036145
389;0.019938,;0.0066822,;0;0.93915,;0.87601,;0.9193,;0.55437,;0.02918,;0.0074176,;0;0.003598,;0.003598,;0.003598
390;0.019937,;0.0066883,;0;0.94049,;0.87439,;0.92152,;0.5572,;0.029156,;0.0073956,;0;0.0035815,;0.0035815,;0.0035815
391;0.020424,;0.0066773,;0;0.9356,;0.88301,;0.92126,;0.5556,;0.028995,;0.0073495,;0;0.003565,;0.003565,;0.003565
392;0.020155,;0.0067174,;0;0.93634,;0.88331,;0.92269,;0.55562,;0.029131,;0.0073592,;0;0.0035485,;0.0035485,;0.0035485
393;0.019794,;0.0065552,;0;0.93635,;0.8824,;0.92375,;0.5585,;0.029162,;0.0073707,;0;0.003532,;0.003532,;0.003532
394;0.020379,;0.0067216,;0;0.93935,;0.87927,;0.9238,;0.55909,;0.028935,;0.0073494,;0;0.0035155,;0.0035155,;0.0035155
395;0.019941,;0.0066128,;0;0.94171,;0.87782,;0.92512,;0.55901,;0.028874,;0.0073372,;0;0.003499,;0.003499,;0.003499
396;0.019632,;0.0066205,;0;0.93919,;0.87679,;0.92535,;0.55978,;0.028913,;0.0073674,;0;0.0034825,;0.0034825,;0.0034825
397;0.018926,;0.0065842,;0;0.94031,;0.8824,;0.92536,;0.55926,;0.028969,;0.0073861,;0;0.003466,;0.003466,;0.003466
398;0.019919,;0.0066449,;0;0.93938,;0.88331,;0.92529,;0.55992,;0.028865,;0.007409,;0;0.0034495,;0.0034495,;0.0034495
399;0.019729,;0.0064739,;0;0.9341,;0.88443,;0.92358,;0.5581,;0.029029,;0.0074331,;0;0.003433,;0.003433,;0.003433
400;0.020334,;0.006835,;0;0.93776,;0.88817,;0.92796,;0.55668,;0.029091,;0.0074402,;0;0.0034165,;0.0034165,;0.0034165
401;0.019801,;0.0063422,;0;0.93311,;0.88736,;0.92642,;0.55285,;0.029109,;0.007453,;0;0.0034,;0.0034,;0.0034
402;0.019356,;0.0068152,;0;0.93647,;0.89141,;0.92861,;0.55433,;0.029109,;0.0074366,;0;0.0033835,;0.0033835,;0.0033835
403;0.019647,;0.0066223,;0;0.94256,;0.88331,;0.92903,;0.55738,;0.028896,;0.0074023,;0;0.003367,;0.003367,;0.003367
404;0.019705,;0.0067679,;0;0.93822,;0.88601,;0.93046,;0.55678,;0.028905,;0.0074097,;0;0.0033505,;0.0033505,;0.0033505
405;0.019835,;0.0068411,;0;0.93864,;0.88159,;0.92577,;0.55311,;0.029149,;0.00745,;0;0.003334,;0.003334,;0.003334
406;0.019314,;0.0064492,;0;0.94293,;0.88436,;0.92933,;0.55416,;0.029172,;0.0074279,;0;0.0033175,;0.0033175,;0.0033175
407;0.020036,;0.0065335,;0;0.93922,;0.87997,;0.92568,;0.55506,;0.029046,;0.0074001,;0;0.003301,;0.003301,;0.003301
408;0.019747,;0.0066673,;0;0.94599,;0.88075,;0.92717,;0.55454,;0.029068,;0.0073849,;0;0.0032845,;0.0032845,;0.0032845
409;0.01907,;0.0064074,;0;0.93953,;0.88206,;0.92733,;0.55177,;0.029114,;0.0073876,;0;0.003268,;0.003268,;0.003268
410;0.018607,;0.0064884,;0;0.93635,;0.88285,;0.92642,;0.55,;0.029047,;0.0073801,;0;0.0032515,;0.0032515,;0.0032515
411;0.019513,;0.0067688,;0;0.93775,;0.88808,;0.92921,;0.55272,;0.029074,;0.0073942,;0;0.003235,;0.003235,;0.003235
412;0.019402,;0.0063908,;0;0.93728,;0.88646,;0.92602,;0.55211,;0.029154,;0.0074003,;0;0.0032185,;0.0032185,;0.0032185
413;0.019593,;0.0066583,;0;0.93534,;0.88402,;0.92433,;0.55148,;0.029107,;0.0073966,;0;0.003202,;0.003202,;0.003202
414;0.019741,;0.006574,;0;0.93802,;0.88078,;0.92568,;0.55105,;0.029162,;0.0073972,;0;0.0031855,;0.0031855,;0.0031855
415;0.019401,;0.0065592,;0;0.93712,;0.88238,;0.92502,;0.55274,;0.029141,;0.007405,;0;0.003169,;0.003169,;0.003169
416;0.019191,;0.0067667,;0;0.93691,;0.87923,;0.92352,;0.55362,;0.029022,;0.0074022,;0;0.0031525,;0.0031525,;0.0031525
417;0.01967,;0.0066644,;0;0.9352,;0.87672,;0.9245,;0.55264,;0.028959,;0.0074037,;0;0.003136,;0.003136,;0.003136
418;0.018762,;0.0065077,;0;0.9356,;0.88078,;0.9272,;0.55381,;0.028986,;0.0074139,;0;0.0031195,;0.0031195,;0.0031195
419;0.019722,;0.0065964,;0;0.93666,;0.88159,;0.92793,;0.55526,;0.028984,;0.0074212,;0;0.003103,;0.003103,;0.003103
420;0.020089,;0.0066111,;0;0.93867,;0.88134,;0.92987,;0.5537,;0.028967,;0.0074194,;0;0.0030865,;0.0030865,;0.0030865
421;0.0194,;0.0064033,;0;0.93701,;0.88076,;0.93047,;0.55573,;0.028987,;0.0074214,;0;0.00307,;0.00307,;0.00307
422;0.019207,;0.0065898,;0;0.93546,;0.88169,;0.92966,;0.55606,;0.028936,;0.0074107,;0;0.0030535,;0.0030535,;0.0030535
423;0.019548,;0.0063737,;0;0.93786,;0.88128,;0.93064,;0.55584,;0.028853,;0.0074069,;0;0.003037,;0.003037,;0.003037
424;0.019067,;0.0064449,;0;0.9375,;0.8897,;0.93174,;0.55671,;0.02885,;0.0074162,;0;0.0030205,;0.0030205,;0.0030205
425;0.019563,;0.0065901,;0;0.93578,;0.88634,;0.93002,;0.55691,;0.028742,;0.007416,;0;0.003004,;0.003004,;0.003004
426;0.019381,;0.0064637,;0;0.94241,;0.88402,;0.9323,;0.55708,;0.028802,;0.0074309,;0;0.0029875,;0.0029875,;0.0029875
427;0.0197,;0.0066747,;0;0.9465,;0.88078,;0.93185,;0.55805,;0.028835,;0.0074463,;0;0.002971,;0.002971,;0.002971
428;0.019104,;0.0065494,;0;0.94001,;0.87688,;0.92753,;0.55781,;0.02888,;0.0074412,;0;0.0029545,;0.0029545,;0.0029545
429;0.018874,;0.0065838,;0;0.94327,;0.87659,;0.92629,;0.55605,;0.028854,;0.0074368,;0;0.002938,;0.002938,;0.002938
430;0.019678,;0.0065599,;0;0.94254,;0.87672,;0.92618,;0.55506,;0.028838,;0.0074336,;0;0.0029215,;0.0029215,;0.0029215
431;0.019335,;0.0064872,;0;0.94458,;0.87591,;0.92574,;0.55669,;0.028849,;0.0074354,;0;0.002905,;0.002905,;0.002905
432;0.01949,;0.0063702,;0;0.9434,;0.87868,;0.92774,;0.55552,;0.028812,;0.0074341,;0;0.0028885,;0.0028885,;0.0028885
433;0.018784,;0.0063305,;0;0.94641,;0.87591,;0.92834,;0.55696,;0.02882,;0.0074266,;0;0.002872,;0.002872,;0.002872
434;0.01936,;0.006321,;0;0.94027,;0.88092,;0.92854,;0.55802,;0.028777,;0.0074156,;0;0.0028555,;0.0028555,;0.0028555
435;0.019199,;0.0065529,;0;0.94568,;0.87546,;0.9266,;0.55793,;0.028691,;0.0074004,;0;0.002839,;0.002839,;0.002839
436;0.01928,;0.006614,;0;0.93689,;0.88321,;0.92421,;0.5567,;0.028653,;0.0073863,;0;0.0028225,;0.0028225,;0.0028225
437;0.018566,;0.006548,;0;0.93949,;0.88159,;0.9246,;0.55664,;0.028617,;0.0073986,;0;0.002806,;0.002806,;0.002806
438;0.018875,;0.0064229,;0;0.93458,;0.88059,;0.92479,;0.55561,;0.028675,;0.0074077,;0;0.0027895,;0.0027895,;0.0027895
439;0.019421,;0.0062742,;0;0.94438,;0.87591,;0.92547,;0.55548,;0.028805,;0.0074251,;0;0.002773,;0.002773,;0.002773
440;0.018915,;0.006527,;0;0.94352,;0.87672,;0.92437,;0.5561,;0.028852,;0.0074354,;0;0.0027565,;0.0027565,;0.0027565
441;0.018694,;0.0063369,;0;0.94238,;0.87543,;0.92325,;0.55584,;0.028786,;0.0074236,;0;0.00274,;0.00274,;0.00274
442;0.018884,;0.0061097,;0;0.9375,;0.87753,;0.92346,;0.55771,;0.028736,;0.0074162,;0;0.0027235,;0.0027235,;0.0027235
443;0.018623,;0.0063873,;0;0.93895,;0.87591,;0.92471,;0.55705,;0.028701,;0.0074086,;0;0.002707,;0.002707,;0.002707
444;0.019167,;0.0064847,;0;0.93428,;0.87628,;0.92294,;0.55604,;0.028684,;0.0074128,;0;0.0026905,;0.0026905,;0.0026905
445;0.018935,;0.0063767,;0;0.93377,;0.8805,;0.92593,;0.55431,;0.028684,;0.0074306,;0;0.002674,;0.002674,;0.002674
446;0.018407,;0.0064349,;0;0.93298,;0.88067,;0.92507,;0.55396,;0.028685,;0.0074406,;0;0.0026575,;0.0026575,;0.0026575
447;0.018841,;0.0065709,;0;0.94321,;0.87024,;0.9256,;0.55579,;0.028663,;0.0074458,;0;0.002641,;0.002641,;0.002641
448;0.01923,;0.0062828,;0;0.94538,;0.87024,;0.92651,;0.55486,;0.028701,;0.0074661,;0;0.0026245,;0.0026245,;0.0026245
449;0.018983,;0.0064914,;0;0.94318,;0.86942,;0.92564,;0.55521,;0.028625,;0.007456,;0;0.002608,;0.002608,;0.002608
450;0.01949,;0.0064015,;0;0.94446,;0.86881,;0.92449,;0.5565,;0.028582,;0.0074626,;0;0.0025915,;0.0025915,;0.0025915
451;0.018948,;0.0064577,;0;0.94621,;0.87034,;0.92471,;0.55698,;0.028633,;0.0074632,;0;0.002575,;0.002575,;0.002575
452;0.018523,;0.0061534,;0;0.94652,;0.87564,;0.92743,;0.55765,;0.028605,;0.0074537,;0;0.0025585,;0.0025585,;0.0025585
453;0.018724,;0.0063729,;0;0.9487,;0.8699,;0.92703,;0.55677,;0.028637,;0.0074646,;0;0.002542,;0.002542,;0.002542
454;0.01792,;0.0062422,;0;0.94718,;0.87266,;0.92679,;0.55605,;0.028634,;0.007475,;0;0.0025255,;0.0025255,;0.0025255
455;0.017926,;0.006202,;0;0.93503,;0.88402,;0.92651,;0.55738,;0.028588,;0.0074729,;0;0.002509,;0.002509,;0.002509
456;0.018678,;0.0063547,;0;0.93544,;0.87835,;0.92397,;0.55519,;0.028629,;0.0074817,;0;0.0024925,;0.0024925,;0.0024925
457;0.018198,;0.0063911,;0;0.93752,;0.87622,;0.9253,;0.55796,;0.028694,;0.0074981,;0;0.002476,;0.002476,;0.002476
458;0.018554,;0.0065295,;0;0.93942,;0.88041,;0.92678,;0.55689,;0.028671,;0.0074955,;0;0.0024595,;0.0024595,;0.0024595
459;0.018436,;0.0061738,;0;0.94186,;0.87916,;0.92714,;0.55795,;0.028669,;0.0074967,;0;0.002443,;0.002443,;0.002443
460;0.018489,;0.0062172,;0;0.94199,;0.88159,;0.92748,;0.5568,;0.028692,;0.0075096,;0;0.0024265,;0.0024265,;0.0024265
461;0.018816,;0.0063497,;0;0.93952,;0.87997,;0.92689,;0.55673,;0.028702,;0.0075066,;0;0.00241,;0.00241,;0.00241
462;0.018589,;0.0063588,;0;0.94084,;0.87997,;0.92584,;0.55531,;0.028785,;0.0075155,;0;0.0023935,;0.0023935,;0.0023935
463;0.018684,;0.0063363,;0;0.93944,;0.8824,;0.92479,;0.55616,;0.028756,;0.0075127,;0;0.002377,;0.002377,;0.002377
464;0.019253,;0.0064783,;0;0.9387,;0.88182,;0.92649,;0.55573,;0.028769,;0.0075144,;0;0.0023605,;0.0023605,;0.0023605
465;0.018936,;0.0062361,;0;0.93791,;0.88211,;0.92612,;0.55596,;0.028724,;0.0075118,;0;0.002344,;0.002344,;0.002344
466;0.018511,;0.0063802,;0;0.93831,;0.88402,;0.92835,;0.55685,;0.028753,;0.0075155,;0;0.0023275,;0.0023275,;0.0023275
467;0.018688,;0.0064261,;0;0.94241,;0.8824,;0.92823,;0.55721,;0.028771,;0.0075209,;0;0.002311,;0.002311,;0.002311
468;0.018688,;0.0065842,;0;0.9384,;0.8824,;0.92744,;0.55718,;0.028763,;0.0075184,;0;0.0022945,;0.0022945,;0.0022945
469;0.018245,;0.0062032,;0;0.93955,;0.88321,;0.92581,;0.55719,;0.028719,;0.0075122,;0;0.002278,;0.002278,;0.002278
470;0.018504,;0.006323,;0;0.93871,;0.88197,;0.92674,;0.5573,;0.028735,;0.0075151,;0;0.0022615,;0.0022615,;0.0022615
471;0.018222,;0.0062534,;0;0.94311,;0.88078,;0.92537,;0.55812,;0.028671,;0.0075084,;0;0.002245,;0.002245,;0.002245
472;0.018258,;0.0063727,;0;0.94358,;0.88165,;0.92589,;0.55754,;0.028649,;0.0075079,;0;0.0022285,;0.0022285,;0.0022285
473;0.018839,;0.0064063,;0;0.94525,;0.88218,;0.92596,;0.55632,;0.02864,;0.0075132,;0;0.002212,;0.002212,;0.002212
474;0.018227,;0.006261,;0;0.94709,;0.87997,;0.92677,;0.55865,;0.028571,;0.0075069,;0;0.0021955,;0.0021955,;0.0021955
475;0.017825,;0.0061397,;0;0.94703,;0.8845,;0.92933,;0.55818,;0.028554,;0.0075077,;0;0.002179,;0.002179,;0.002179
476;0.018212,;0.0062108,;0;0.94479,;0.8824,;0.92632,;0.55811,;0.028564,;0.0075051,;0;0.0021625,;0.0021625,;0.0021625
477;0.018577,;0.0062653,;0;0.94211,;0.88159,;0.9267,;0.55895,;0.028605,;0.0075114,;0;0.002146,;0.002146,;0.002146
478;0.018441,;0.0063159,;0;0.94178,;0.8824,;0.92904,;0.55859,;0.028591,;0.0075169,;0;0.0021295,;0.0021295,;0.0021295
479;0.018207,;0.0062692,;0;0.94183,;0.88727,;0.93045,;0.55865,;0.02855,;0.0075149,;0;0.002113,;0.002113,;0.002113
480;0.017314,;0.0062205,;0;0.94298,;0.8853,;0.93097,;0.55997,;0.028546,;0.0075135,;0;0.0020965,;0.0020965,;0.0020965
481;0.018245,;0.0062261,;0;0.943,;0.88548,;0.93111,;0.56038,;0.028515,;0.0075112,;0;0.00208,;0.00208,;0.00208
482;0.018146,;0.0062076,;0;0.94221,;0.88593,;0.93004,;0.56158,;0.028492,;0.0075178,;0;0.0020635,;0.0020635,;0.0020635
483;0.017474,;0.0062385,;0;0.94061,;0.88623,;0.93077,;0.56224,;0.028519,;0.0075381,;0;0.002047,;0.002047,;0.002047
484;0.017931,;0.0062554,;0;0.94126,;0.88379,;0.92933,;0.56207,;0.028507,;0.0075399,;0;0.0020305,;0.0020305,;0.0020305
485;0.017533,;0.0062782,;0;0.9389,;0.88492,;0.92945,;0.56193,;0.028426,;0.007538,;0;0.002014,;0.002014,;0.002014
486;0.017767,;0.0062413,;0;0.93823,;0.88646,;0.92987,;0.56467,;0.02837,;0.0075432,;0;0.0019975,;0.0019975,;0.0019975
487;0.017878,;0.0059762,;0;0.94044,;0.88564,;0.9286,;0.56297,;0.02838,;0.0075568,;0;0.001981,;0.001981,;0.001981
488;0.018199,;0.0059603,;0;0.93604,;0.88483,;0.92685,;0.56234,;0.028405,;0.0075632,;0;0.0019645,;0.0019645,;0.0019645
489;0.017595,;0.0062567,;0;0.93953,;0.8824,;0.92684,;0.56329,;0.028377,;0.0075666,;0;0.001948,;0.001948,;0.001948
490;0.017354,;0.0061142,;0;0.9385,;0.88159,;0.92796,;0.56299,;0.028376,;0.0075697,;0;0.0019315,;0.0019315,;0.0019315
491;0.017599,;0.0060822,;0;0.93913,;0.8824,;0.92911,;0.56333,;0.028387,;0.0075778,;0;0.001915,;0.001915,;0.001915
492;0.01772,;0.0062516,;0;0.94064,;0.88483,;0.93187,;0.56339,;0.028344,;0.0075744,;0;0.0018985,;0.0018985,;0.0018985
493;0.018069,;0.006162,;0;0.94051,;0.88468,;0.93133,;0.56416,;0.028288,;0.007568,;0;0.001882,;0.001882,;0.001882
494;0.017483,;0.0061762,;0;0.9427,;0.88321,;0.93173,;0.56449,;0.028278,;0.0075661,;0;0.0018655,;0.0018655,;0.0018655
495;0.01774,;0.006273,;0;0.94368,;0.88336,;0.93176,;0.5638,;0.028315,;0.0075688,;0;0.001849,;0.001849,;0.001849
496;0.017897,;0.0061473,;0;0.94351,;0.88321,;0.93048,;0.56264,;0.028351,;0.0075688,;0;0.0018325,;0.0018325,;0.0018325
497;0.017518,;0.0061506,;0;0.9445,;0.88335,;0.93017,;0.56294,;0.028338,;0.0075724,;0;0.001816,;0.001816,;0.001816
498;0.017587,;0.0061605,;0;0.9444,;0.88483,;0.93172,;0.56343,;0.028344,;0.0075652,;0;0.0017995,;0.0017995,;0.0017995
499;0.017353,;0.0061397,;0;0.94529,;0.88646,;0.93237,;0.56479,;0.028349,;0.0075688,;0;0.001783,;0.001783,;0.001783
500;0.017745,;0.0063272,;0;0.94269,;0.88483,;0.93134,;0.56371,;0.028364,;0.0075789,;0;0.0017665,;0.0017665,;0.0017665
501;0.017551,;0.0061894,;0;0.94285,;0.88313,;0.93039,;0.56203,;0.028395,;0.0075829,;0;0.00175,;0.00175,;0.00175
502;0.01773,;0.0062145,;0;0.94463,;0.88547,;0.93134,;0.56212,;0.028385,;0.0075794,;0;0.0017335,;0.0017335,;0.0017335
503;0.017287,;0.0060971,;0;0.94545,;0.88557,;0.93175,;0.56116,;0.028396,;0.0075899,;0;0.001717,;0.001717,;0.001717
504;0.017349,;0.0061554,;0;0.94372,;0.884,;0.93069,;0.55982,;0.028381,;0.0075974,;0;0.0017005,;0.0017005,;0.0017005
505;0.0173,;0.0060899,;0;0.94444,;0.88646,;0.9306,;0.56069,;0.02841,;0.0076039,;0;0.001684,;0.001684,;0.001684
506;0.017623,;0.0061136,;0;0.94624,;0.88808,;0.93193,;0.56038,;0.028419,;0.0076038,;0;0.0016675,;0.0016675,;0.0016675
507;0.017372,;0.0060003,;0;0.94716,;0.88808,;0.9326,;0.56129,;0.028397,;0.0076036,;0;0.001651,;0.001651,;0.001651
508;0.01758,;0.0060773,;0;0.94752,;0.88808,;0.93395,;0.56232,;0.02836,;0.0076092,;0;0.0016345,;0.0016345,;0.0016345
509;0.017323,;0.0059851,;0;0.94396,;0.88646,;0.93266,;0.56278,;0.028382,;0.0076217,;0;0.001618,;0.001618,;0.001618
510;0.017106,;0.0059107,;0;0.94469,;0.88654,;0.93256,;0.56212,;0.028394,;0.0076274,;0;0.0016015,;0.0016015,;0.0016015
511;0.017238,;0.0062162,;0;0.94302,;0.88596,;0.93143,;0.56219,;0.028385,;0.0076281,;0;0.001585,;0.001585,;0.001585
512;0.017119,;0.0059499,;0;0.94407,;0.88646,;0.93223,;0.56085,;0.028399,;0.0076319,;0;0.0015685,;0.0015685,;0.0015685
513;0.017479,;0.0062258,;0;0.94437,;0.88646,;0.93273,;0.5613,;0.028416,;0.0076328,;0;0.001552,;0.001552,;0.001552
514;0.017272,;0.0060511,;0;0.94551,;0.88662,;0.9321,;0.56067,;0.028431,;0.0076377,;0;0.0015355,;0.0015355,;0.0015355
515;0.017292,;0.0060499,;0;0.94464,;0.88577,;0.93185,;0.56095,;0.028446,;0.0076454,;0;0.001519,;0.001519,;0.001519
516;0.017957,;0.0059718,;0;0.94467,;0.88625,;0.93122,;0.56103,;0.028457,;0.0076509,;0;0.0015025,;0.0015025,;0.0015025
517;0.016857,;0.0060271,;0;0.94469,;0.88727,;0.93095,;0.56236,;0.02844,;0.0076526,;0;0.001486,;0.001486,;0.001486
518;0.016791,;0.0059794,;0;0.94396,;0.88796,;0.93228,;0.56294,;0.028456,;0.00766,;0;0.0014695,;0.0014695,;0.0014695
519;0.017255,;0.005853,;0;0.94514,;0.89051,;0.93196,;0.56353,;0.028467,;0.0076662,;0;0.001453,;0.001453,;0.001453
520;0.017216,;0.0061209,;0;0.94601,;0.89051,;0.93298,;0.56378,;0.028456,;0.0076725,;0;0.0014365,;0.0014365,;0.0014365
521;0.017205,;0.0061102,;0;0.94649,;0.88946,;0.93362,;0.56423,;0.028462,;0.0076783,;0;0.00142,;0.00142,;0.00142
522;0.017123,;0.0057529,;0;0.94524,;0.89132,;0.93459,;0.56337,;0.028458,;0.0076763,;0;0.0014035,;0.0014035,;0.0014035
523;0.017666,;0.0058538,;0;0.94577,;0.89112,;0.93415,;0.56334,;0.028449,;0.0076741,;0;0.001387,;0.001387,;0.001387
524;0.016878,;0.0058502,;0;0.94591,;0.89051,;0.93378,;0.56316,;0.028429,;0.0076747,;0;0.0013705,;0.0013705,;0.0013705
525;0.017016,;0.0058182,;0;0.94504,;0.89051,;0.93432,;0.56529,;0.028419,;0.0076742,;0;0.001354,;0.001354,;0.001354
526;0.017163,;0.0058029,;0;0.94518,;0.8897,;0.93346,;0.56528,;0.028403,;0.0076691,;0;0.0013375,;0.0013375,;0.0013375
527;0.016897,;0.0060681,;0;0.94348,;0.8897,;0.93428,;0.56531,;0.028386,;0.0076683,;0;0.001321,;0.001321,;0.001321
528;0.016148,;0.0057928,;0;0.94174,;0.88889,;0.93253,;0.56556,;0.028382,;0.0076688,;0;0.0013045,;0.0013045,;0.0013045
529;0.017097,;0.0059735,;0;0.94032,;0.88808,;0.93186,;0.56533,;0.028401,;0.0076707,;0;0.001288,;0.001288,;0.001288
530;0.017186,;0.0058805,;0;0.94129,;0.88889,;0.93267,;0.5663,;0.028407,;0.0076704,;0;0.0012715,;0.0012715,;0.0012715
531;0.016628,;0.0059219,;0;0.9396,;0.88727,;0.93132,;0.56592,;0.028416,;0.0076695,;0;0.001255,;0.001255,;0.001255
532;0.016818,;0.0058415,;0;0.94094,;0.88889,;0.93185,;0.56566,;0.028417,;0.007669,;0;0.0012385,;0.0012385,;0.0012385
533;0.016452,;0.005777,;0;0.94385,;0.88609,;0.93115,;0.56629,;0.028401,;0.0076714,;0;0.001222,;0.001222,;0.001222
534;0.016275,;0.0059216,;0;0.94383,;0.88587,;0.93017,;0.56702,;0.028378,;0.0076702,;0;0.0012055,;0.0012055,;0.0012055
535;0.017283,;0.0059033,;0;0.94215,;0.88321,;0.92926,;0.5665,;0.028369,;0.0076717,;0;0.001189,;0.001189,;0.001189
536;0.016873,;0.0058054,;0;0.94222,;0.88402,;0.92949,;0.56588,;0.028365,;0.0076725,;0;0.0011725,;0.0011725,;0.0011725
537;0.01658,;0.0059825,;0;0.94408,;0.88483,;0.93004,;0.56551,;0.028378,;0.0076755,;0;0.001156,;0.001156,;0.001156
538;0.016675,;0.0057095,;0;0.9406,;0.88613,;0.92864,;0.56447,;0.028397,;0.0076811,;0;0.0011395,;0.0011395,;0.0011395
539;0.016609,;0.005837,;0;0.94058,;0.88576,;0.92894,;0.56488,;0.02841,;0.0076879,;0;0.001123,;0.001123,;0.001123
540;0.016772,;0.0060344,;0;0.94316,;0.88564,;0.92936,;0.56582,;0.02841,;0.0076921,;0;0.0011065,;0.0011065,;0.0011065
541;0.016361,;0.0060142,;0;0.94169,;0.88646,;0.9296,;0.56611,;0.028401,;0.0076931,;0;0.00109,;0.00109,;0.00109
542;0.01706,;0.005853,;0;0.94179,;0.88646,;0.92969,;0.56618,;0.02839,;0.0076945,;0;0.0010735,;0.0010735,;0.0010735
543;0.016634,;0.0060746,;0;0.94063,;0.88666,;0.92991,;0.5656,;0.028404,;0.0077006,;0;0.001057,;0.001057,;0.001057
544;0.016281,;0.0058084,;0;0.94054,;0.88727,;0.92955,;0.56516,;0.028392,;0.0077012,;0;0.0010405,;0.0010405,;0.0010405
545;0.016718,;0.0056755,;0;0.94146,;0.88686,;0.92912,;0.56467,;0.028375,;0.0077015,;0;0.001024,;0.001024,;0.001024
546;0.016147,;0.005687,;0;0.94129,;0.88808,;0.9299,;0.56586,;0.028355,;0.0077016,;0;0.0010075,;0.0010075,;0.0010075
547;0.016265,;0.0059682,;0;0.94065,;0.88808,;0.9297,;0.56591,;0.028351,;0.007705,;0;0.000991,;0.000991,;0.000991
548;0.016727,;0.0058325,;0;0.94141,;0.88727,;0.92902,;0.56598,;0.028342,;0.0077082,;0;0.0009745,;0.0009745,;0.0009745
549;0.016302,;0.0057221,;0;0.94178,;0.88564,;0.92913,;0.56638,;0.028329,;0.0077142,;0;0.000958,;0.000958,;0.000958
550;0.015897,;0.0057104,;0;0.94038,;0.88727,;0.9296,;0.56625,;0.028318,;0.0077155,;0;0.0009415,;0.0009415,;0.0009415
551;0.016497,;0.0059663,;0;0.94148,;0.88722,;0.9296,;0.56657,;0.028321,;0.0077159,;0;0.000925,;0.000925,;0.000925
552;0.016283,;0.0058707,;0;0.93891,;0.88498,;0.92975,;0.56601,;0.028325,;0.0077203,;0;0.0009085,;0.0009085,;0.0009085
553;0.016125,;0.0057757,;0;0.939,;0.88636,;0.92979,;0.56584,;0.028315,;0.0077197,;0;0.000892,;0.000892,;0.000892
554;0.017034,;0.0059066,;0;0.9372,;0.88564,;0.92902,;0.56587,;0.028313,;0.0077232,;0;0.0008755,;0.0008755,;0.0008755
555;0.016364,;0.0058704,;0;0.93744,;0.88646,;0.93023,;0.5659,;0.028309,;0.0077271,;0;0.000859,;0.000859,;0.000859
556;0.017355,;0.0058481,;0;0.93667,;0.88646,;0.92892,;0.56574,;0.028301,;0.0077302,;0;0.0008425,;0.0008425,;0.0008425
557;0.016103,;0.0057703,;0;0.93795,;0.88564,;0.92896,;0.56593,;0.028281,;0.0077328,;0;0.000826,;0.000826,;0.000826
558;0.016541,;0.0057981,;0;0.93493,;0.88727,;0.92905,;0.56663,;0.028265,;0.0077309,;0;0.0008095,;0.0008095,;0.0008095
559;0.016238,;0.0058403,;0;0.93543,;0.88808,;0.92915,;0.56684,;0.028261,;0.0077361,;0;0.000793,;0.000793,;0.000793
560;0.016456,;0.005855,;0;0.93534,;0.88808,;0.92904,;0.5663,;0.028249,;0.0077376,;0;0.0007765,;0.0007765,;0.0007765
561;0.016271,;0.0057742,;0;0.93493,;0.88808,;0.92906,;0.56707,;0.02823,;0.007738,;0;0.00076,;0.00076,;0.00076
562;0.01628,;0.0056472,;0;0.93555,;0.88727,;0.92911,;0.56696,;0.028237,;0.0077415,;0;0.0007435,;0.0007435,;0.0007435
563;0.015786,;0.0055018,;0;0.93784,;0.88808,;0.92989,;0.56654,;0.028238,;0.0077483,;0;0.000727,;0.000727,;0.000727
564;0.01648,;0.0056967,;0;0.93831,;0.88826,;0.93016,;0.56623,;0.02824,;0.0077512,;0;0.0007105,;0.0007105,;0.0007105
565;0.016253,;0.0056721,;0;0.936,;0.88889,;0.93042,;0.56653,;0.028236,;0.0077549,;0;0.000694,;0.000694,;0.000694
566;0.015914,;0.0056578,;0;0.93599,;0.88889,;0.93015,;0.56655,;0.028244,;0.0077606,;0;0.0006775,;0.0006775,;0.0006775
567;0.01583,;0.0057687,;0;0.93571,;0.88889,;0.93013,;0.56622,;0.028242,;0.0077655,;0;0.000661,;0.000661,;0.000661
568;0.015756,;0.0057362,;0;0.93465,;0.88889,;0.93008,;0.56637,;0.028235,;0.0077696,;0;0.0006445,;0.0006445,;0.0006445
569;0.016375,;0.0056745,;0;0.93357,;0.88901,;0.93002,;0.56714,;0.028228,;0.0077728,;0;0.000628,;0.000628,;0.000628
570;0.015955,;0.0056484,;0;0.93351,;0.88819,;0.92957,;0.56738,;0.028228,;0.0077796,;0;0.0006115,;0.0006115,;0.0006115
571;0.015951,;0.0058836,;0;0.93366,;0.88808,;0.92922,;0.56729,;0.028232,;0.0077859,;0;0.000595,;0.000595,;0.000595
572;0.01591,;0.0057638,;0;0.93388,;0.88808,;0.92928,;0.56699,;0.028226,;0.0077843,;0;0.0005785,;0.0005785,;0.0005785
573;0.016209,;0.0056715,;0;0.93443,;0.88808,;0.92939,;0.56698,;0.028226,;0.0077876,;0;0.000562,;0.000562,;0.000562
574;0.01578,;0.0056629,;0;0.93452,;0.88808,;0.92933,;0.56659,;0.028223,;0.0077923,;0;0.0005455,;0.0005455,;0.0005455
575;0.016394,;0.005811,;0;0.93445,;0.88808,;0.92898,;0.56693,;0.028224,;0.0077943,;0;0.000529,;0.000529,;0.000529
576;0.015769,;0.0057585,;0;0.93408,;0.88808,;0.92865,;0.56655,;0.028217,;0.007798,;0;0.0005125,;0.0005125,;0.0005125
577;0.015462,;0.0057322,;0;0.93464,;0.88808,;0.92806,;0.56621,;0.028224,;0.0078008,;0;0.000496,;0.000496,;0.000496
578;0.015854,;0.005737,;0;0.93471,;0.88808,;0.92804,;0.56578,;0.028216,;0.007805,;0;0.0004795,;0.0004795,;0.0004795
579;0.015697,;0.0058634,;0;0.936,;0.88959,;0.92887,;0.56668,;0.028211,;0.0078064,;0;0.000463,;0.000463,;0.000463
580;0.015594,;0.0056963,;0;0.93514,;0.8897,;0.92894,;0.56602,;0.0282,;0.0078097,;0;0.0004465,;0.0004465,;0.0004465
581;0.015819,;0.0057023,;0;0.93513,;0.8897,;0.92915,;0.56576,;0.028209,;0.0078149,;0;0.00043,;0.00043,;0.00043
582;0.015532,;0.0053639,;0;0.93429,;0.8897,;0.92913,;0.56626,;0.028206,;0.0078191,;0;0.0004135,;0.0004135,;0.0004135
583;0.015687,;0.0057061,;0;0.93439,;0.8897,;0.92932,;0.56647,;0.02821,;0.0078232,;0;0.000397,;0.000397,;0.000397
584;0.015165,;0.0056108,;0;0.936,;0.89051,;0.92959,;0.56715,;0.028209,;0.0078267,;0;0.0003805,;0.0003805,;0.0003805
585;0.015409,;0.0056719,;0;0.93679,;0.88939,;0.92945,;0.56671,;0.028213,;0.0078317,;0;0.000364,;0.000364,;0.000364
586;0.015069,;0.0056389,;0;0.93643,;0.8897,;0.92945,;0.56681,;0.028207,;0.0078339,;0;0.0003475,;0.0003475,;0.0003475
587;0.016357,;0.0056563,;0;0.93765,;0.89037,;0.92946,;0.56681,;0.028201,;0.0078379,;0;0.000331,;0.000331,;0.000331
588;0.014948,;0.0056541,;0;0.93766,;0.89132,;0.93015,;0.56717,;0.028202,;0.0078426,;0;0.0003145,;0.0003145,;0.0003145
589;0.015831,;0.0055672,;0;0.93696,;0.89051,;0.92945,;0.56722,;0.028211,;0.00785,;0;0.000298,;0.000298,;0.000298
590;0.01542,;0.0055724,;0;0.93649,;0.89051,;0.9294,;0.56705,;0.028214,;0.0078539,;0;0.0002815,;0.0002815,;0.0002815
591;0.016295,;0.005672,;0;0.93732,;0.89051,;0.92927,;0.56774,;0.028215,;0.0078577,;0;0.000265,;0.000265,;0.000265
592;0.015296,;0.0055969,;0;0.93758,;0.89051,;0.92938,;0.56702,;0.028218,;0.0078643,;0;0.0002485,;0.0002485,;0.0002485
593;0.015142,;0.0056559,;0;0.93692,;0.89051,;0.92936,;0.56694,;0.028221,;0.007868,;0;0.000232,;0.000232,;0.000232
594;0.015619,;0.0055848,;0;0.9369,;0.89051,;0.9294,;0.56708,;0.028221,;0.0078708,;0;0.0002155,;0.0002155,;0.0002155
595;0.015244,;0.005704,;0;0.93775,;0.89051,;0.92939,;0.56694,;0.02822,;0.0078753,;0;0.000199,;0.000199,;0.000199
596;0.015401,;0.0056378,;0;0.93763,;0.89051,;0.92937,;0.56718,;0.028219,;0.0078783,;0;0.0001825,;0.0001825,;0.0001825
597;0.014996,;0.0055473,;0;0.93749,;0.89051,;0.92935,;0.56714,;0.028218,;0.0078835,;0;0.000166,;0.000166,;0.000166
598;0.015171,;0.0056087,;0;0.93692,;0.89051,;0.92981,;0.567,;0.028226,;0.0078926,;0;0.0001495,;0.0001495,;0.0001495
599;0.015551,;0.0056462,;0;0.93682,;0.89051,;0.92984,;0.56677,;0.028226,;0.0078944,;0;0.000133,;0.000133,;0.000133
