               epoch;      train/box_loss;      train/obj_loss;      train/cls_loss;   metrics/precision;      metrics/recall;     metrics/mAP_0.5;metrics/mAP_0.5:0.95;        val/box_loss;        val/obj_loss;        val/cls_loss;               x/lr0;               x/lr1;               x/lr2
0;0,096112;0,029778;0;0,28422;0,27899;0,18373;0,042956;0,080329;0,021571;0;0,0052807;0,0052807;0,066374
1;0,069036;0,024073;0;0,40274;0,32685;0,27417;0,073514;0,070668;0,021094;0;0,010585;0,010585;0,039261
2;0,0641;0,02326;0;0,64253;0,52555;0,5468;0,16843;0,05814;0,022103;0;0,01526;0,01526;0,01526
3;0,060511;0,023817;0;0,73562;0,57664;0,62058;0,21439;0,055701;0,021025;0;0,01526;0,01526;0,01526
4;0,056372;0,021493;0;0,82217;0,69505;0,7461;0,2916;0,048418;0,016646;0;0,015234;0,015234;0,015234
5;0,053375;0,020904;0;0,82743;0,70397;0,74654;0,28255;0,048661;0,016549;0;0,015209;0,015209;0,015209
6;0,05151;0,019692;0;0,84493;0,70722;0,78601;0,31024;0,047071;0,016172;0;0,015184;0,015184;0,015184
7;0,049314;0,019336;0;0,87936;0,75076;0,82224;0,347;0,045848;0,01501;0;0,015159;0,015159;0,015159
8;0,048524;0,019261;0;0,86856;0,7396;0,80336;0,33576;0,045822;0,015702;0;0,015133;0,015133;0,015133
9;0,046905;0,018396;0;0,88088;0,7867;0,84277;0,38145;0,043735;0,014383;0;0,015108;0,015108;0,015108
10;0,046483;0,01857;0;0,88059;0,75101;0,82007;0,34359;0,044997;0,014669;0;0,015083;0,015083;0,015083
11;0,04586;0,018079;0;0,87967;0,78102;0,83855;0,37;0,044387;0,014715;0;0,015058;0,015058;0,015058
12;0,04491;0,018044;0;0,91655;0,78751;0,85718;0,3701;0,043556;0,014684;0;0,015032;0,015032;0,015032
13;0,044796;0,017829;0;0,89967;0,77616;0,84659;0,38304;0,04275;0,014356;0;0,015007;0,015007;0,015007
14;0,043877;0,017532;0;0,90553;0,7794;0,84882;0,38876;0,042406;0,014731;0;0,014982;0,014982;0,014982
15;0,043604;0,017247;0;0,90924;0,78264;0,86473;0,39028;0,042546;0,014291;0;0,014957;0,014957;0,014957
16;0,042856;0,017114;0;0,91334;0,79886;0,86036;0,39827;0,0426;0,014017;0;0,014932;0,014932;0,014932
17;0,042608;0,017042;0;0,92185;0,80211;0,87402;0,41102;0,041063;0,014006;0;0,014906;0,014906;0,014906
18;0,042131;0,016678;0;0,91444;0,80617;0,8718;0,41057;0,040648;0,014162;0;0,014881;0,014881;0,014881
19;0,041819;0,016715;0;0,90972;0,80779;0,87733;0,40408;0,041477;0,014337;0;0,014856;0,014856;0,014856
20;0,041401;0,016619;0;0,92014;0,81297;0,88296;0,41053;0,040648;0,013857;0;0,014831;0,014831;0,014831
21;0,040843;0,016588;0;0,91889;0,8086;0,88097;0,42829;0,040292;0,013871;0;0,014805;0,014805;0,014805
22;0,040977;0,016375;0;0,91171;0,81316;0,88068;0,4155;0,040583;0,013857;0;0,01478;0,01478;0,01478
23;0,040593;0,016368;0;0,92259;0,82563;0,88847;0,42842;0,040103;0,013663;0;0,014755;0,014755;0,014755
24;0,039744;0,016131;0;0,92686;0,83249;0,88951;0,43704;0,039576;0,013338;0;0,01473;0,01473;0,01473
25;0,03966;0,016274;0;0,9262;0,82644;0,89442;0,42739;0,04017;0,013681;0;0,014704;0,014704;0,014704
26;0,039732;0,015889;0;0,91031;0,82806;0,88626;0,43184;0,039779;0,01367;0;0,014679;0,014679;0,014679
27;0,039246;0,015953;0;0,92848;0,82157;0,88727;0,41984;0,039796;0,013477;0;0,014654;0,014654;0,014654
28;0,039278;0,015804;0;0,9233;0,82004;0,8813;0,42759;0,039992;0,013779;0;0,014629;0,014629;0,014629
29;0,038863;0,015654;0;0,91903;0,8159;0,87584;0,43496;0,040555;0,014082;0;0,014604;0,014604;0,014604
30;0,038818;0,015423;0;0,92917;0,81984;0,89033;0,43384;0,039487;0,013183;0;0,014578;0,014578;0,014578
31;0,038863;0,015698;0;0,93462;0,83536;0,89065;0,45483;0,038084;0,013118;0;0,014553;0,014553;0,014553
32;0,038437;0,015473;0;0,92895;0,81649;0,88369;0,43048;0,039796;0,013646;0;0,014528;0,014528;0,014528
33;0,038258;0,01568;0;0,93288;0,8342;0,89101;0,44972;0,039019;0,013701;0;0,014503;0,014503;0,014503
34;0,037655;0,015222;0;0,90648;0,83334;0,89082;0,44761;0,038727;0,013414;0;0,014477;0,014477;0,014477
35;0,037715;0,015418;0;0,93225;0,83617;0,90095;0,45358;0,038443;0,013355;0;0,014452;0,014452;0,014452
36;0,037698;0,015355;0;0,93145;0,81671;0,88909;0,4562;0,038751;0,013586;0;0,014427;0,014427;0,014427
37;0,03746;0,015311;0;0,92686;0,82217;0,89324;0,45219;0,038796;0,013736;0;0,014402;0,014402;0,014402
38;0,037356;0,015193;0;0,94054;0,84104;0,90624;0,45385;0,038878;0,013273;0;0,014376;0,014376;0,014376
39;0,037139;0,015289;0;0,92957;0,8243;0,89304;0,45227;0,03876;0,013236;0;0,014351;0,014351;0,014351
40;0,036689;0,014944;0;0,92053;0,83606;0,89331;0,4653;0,038649;0,01337;0;0,014326;0,014326;0,014326
41;0,0371;0,015254;0;0,93511;0,81808;0,89295;0,45862;0,038641;0,013378;0;0,014301;0,014301;0,014301
42;0,036458;0,014983;0;0,93189;0,83229;0,89308;0,45146;0,038664;0,013224;0;0,014276;0,014276;0,014276
43;0,036373;0,014976;0;0,94043;0,81945;0,89429;0,45497;0,038947;0,013305;0;0,01425;0,01425;0,01425
44;0,036355;0,014809;0;0,92381;0,83049;0,89838;0,46665;0,03791;0,013189;0;0,014225;0,014225;0,014225
45;0,036106;0,014797;0;0,93463;0,83485;0,89739;0,46813;0,038143;0,013448;0;0,0142;0,0142;0,0142
46;0,03567;0,014729;0;0,92975;0,8373;0,89858;0,46692;0,037434;0,013269;0;0,014175;0,014175;0,014175
47;0,036269;0,01495;0;0,94498;0,83573;0,90345;0,4691;0,038008;0,013246;0;0,014149;0,014149;0,014149
48;0,036189;0,014923;0;0,93361;0,8459;0,90055;0,46399;0,037934;0,013309;0;0,014124;0,014124;0,014124
49;0,035765;0,014573;0;0,91756;0,84849;0,905;0,47078;0,037365;0,013039;0;0,014099;0,014099;0,014099
50;0,035954;0,014712;0;0,92795;0,84611;0,90656;0,46271;0,038243;0,01323;0;0,014074;0,014074;0,014074
51;0,035524;0,014759;0;0,94174;0,82725;0,90007;0,4774;0,037089;0,013219;0;0,014048;0,014048;0,014048
52;0,035761;0,014749;0;0,9473;0,84556;0,90545;0,47553;0,03709;0,013538;0;0,014023;0,014023;0,014023
53;0,035728;0,014797;0;0,93103;0,84297;0,90162;0,47593;0,036957;0,013332;0;0,013998;0,013998;0,013998
54;0,034994;0,014525;0;0,92011;0,85939;0,91264;0,48313;0,037293;0,013002;0;0,013973;0,013973;0,013973
55;0,035078;0,01455;0;0,93671;0,83942;0,90718;0,48224;0,037259;0,013133;0;0,013947;0,013947;0,013947
56;0,035447;0,014549;0;0,94487;0,84023;0,90822;0,47591;0,037804;0,013232;0;0,013922;0,013922;0,013922
57;0,034914;0,014152;0;0,93115;0,84753;0,90784;0,47966;0,036759;0,012947;0;0,013897;0,013897;0,013897
58;0,035041;0,014195;0;0,93626;0,84266;0,90281;0,4825;0,036813;0,013218;0;0,013872;0,013872;0,013872
59;0,034599;0,014415;0;0,92728;0,84753;0,90471;0,48651;0,036975;0,012988;0;0,013847;0,013847;0,013847
60;0,034732;0,014434;0;0,94192;0,85493;0,91136;0,48417;0,036202;0,012551;0;0,013821;0,013821;0,013821
61;0,034835;0,014582;0;0,94546;0,84266;0,90973;0,48985;0,036313;0,012579;0;0,013796;0,013796;0,013796
62;0,034716;0,0144;0;0,93531;0,84429;0,91126;0,48899;0,036197;0,012868;0;0,013771;0,013771;0,013771
63;0,034737;0,014169;0;0,94251;0,84915;0,90952;0,48509;0,036403;0,012865;0;0,013746;0,013746;0,013746
64;0,034433;0,014108;0;0,95432;0,83029;0,90763;0,49784;0,036437;0,012915;0;0,01372;0,01372;0,01372
65;0,03464;0,014083;0;0,93109;0,84996;0,91117;0,49261;0,036323;0,012969;0;0,013695;0,013695;0,013695
66;0,034885;0,014402;0;0,94448;0,84172;0,913;0,491;0,036841;0,013156;0;0,01367;0,01367;0,01367
67;0,034317;0,014128;0;0,93769;0,83604;0,90509;0,47439;0,037338;0,013221;0;0,013645;0,013645;0,013645
68;0,034447;0,013925;0;0,92332;0,84959;0,91248;0,50027;0,036018;0,012615;0;0,013619;0,013619;0,013619
69;0,033854;0,013978;0;0,93178;0,8474;0,90698;0,49352;0,036708;0,012709;0;0,013594;0,013594;0,013594
70;0,034204;0,014062;0;0,94135;0,84618;0,91479;0,4935;0,036075;0,012875;0;0,013569;0,013569;0,013569
71;0,03397;0,014037;0;0,9389;0,84748;0,90475;0,49095;0,036657;0,013081;0;0,013544;0,013544;0,013544
72;0,034038;0,014097;0;0,93919;0,8459;0,91438;0,49767;0,035821;0,012848;0;0,013519;0,013519;0,013519
73;0,033496;0,014166;0;0,94598;0,83787;0,90584;0,48596;0,036911;0,013109;0;0,013493;0,013493;0,013493
74;0,033434;0,01374;0;0,94904;0,83942;0,91297;0,49228;0,036075;0,012842;0;0,013468;0,013468;0,013468
75;0,033571;0,013906;0;0,94021;0,84091;0,90825;0,50551;0,035695;0,012697;0;0,013443;0,013443;0,013443
76;0,033448;0,013816;0;0,94019;0,84141;0,90533;0,49469;0,036043;0,013015;0;0,013418;0,013418;0,013418
77;0,033223;0,013994;0;0,94801;0,85483;0,91935;0,49806;0,035831;0,012515;0;0,013392;0,013392;0,013392
78;0,033599;0,013942;0;0,92726;0,85813;0,91624;0,49977;0,035862;0,012802;0;0,013367;0,013367;0,013367
79;0,033114;0,013736;0;0,93115;0,84458;0,91251;0,489;0,036254;0,012886;0;0,013342;0,013342;0,013342
80;0,033372;0,014077;0;0,95059;0,84266;0,911;0,49808;0,036315;0,012924;0;0,013317;0,013317;0,013317
81;0,033066;0,013769;0;0,94593;0,85125;0,92034;0,49891;0,036049;0,012691;0;0,013291;0,013291;0,013291
82;0,032683;0,013344;0;0,92578;0,85994;0,91618;0,50501;0,035768;0,012716;0;0,013266;0,013266;0,013266
83;0,033068;0,013771;0;0,94885;0,84312;0,91599;0,49996;0,035466;0,012545;0;0,013241;0,013241;0,013241
84;0,033218;0,013804;0;0,95024;0,85958;0,92132;0,50449;0,035616;0,012486;0;0,013216;0,013216;0,013216
85;0,032745;0,013517;0;0,95064;0,84354;0,92077;0,50022;0,035791;0,012835;0;0,013191;0,013191;0,013191
86;0,033256;0,01372;0;0,94715;0,84984;0,92107;0,50612;0,035636;0,012719;0;0,013165;0,013165;0,013165
87;0,032416;0,013505;0;0,95111;0,85146;0,92016;0,50589;0,035766;0,01267;0;0,01314;0,01314;0,01314
88;0,03274;0,013365;0;0,94878;0,85227;0,91392;0,50313;0,035569;0,012751;0;0,013115;0,013115;0,013115
89;0,032775;0,013631;0;0,95808;0,85261;0,91902;0,50901;0,035703;0,012666;0;0,01309;0,01309;0,01309
90;0,033339;0,013525;0;0,93625;0,8605;0,91697;0,51205;0,035075;0,012653;0;0,013064;0,013064;0,013064
91;0,032898;0,013735;0;0,94937;0,85239;0,92077;0,5149;0,035478;0,012768;0;0,013039;0,013039;0,013039
92;0,032756;0,01326;0;0,95464;0,85419;0,92299;0,51248;0,035441;0,012752;0;0,013014;0,013014;0,013014
93;0,032904;0,013709;0;0,94287;0,86212;0,91973;0,51989;0,035118;0,012519;0;0,012989;0,012989;0,012989
94;0,032484;0,013564;0;0,93131;0,85401;0,9196;0,50852;0,035416;0,012527;0;0,012963;0,012963;0,012963
95;0,032616;0,013725;0;0,94184;0,84659;0,91719;0,51093;0,034924;0,012741;0;0,012938;0,012938;0,012938
96;0,032453;0,013534;0;0,9304;0,8605;0,92514;0,51227;0,0352;0,012558;0;0,012913;0,012913;0,012913
97;0,03238;0,013611;0;0,9499;0,84834;0,9231;0,51467;0,034868;0,012564;0;0,012888;0,012888;0,012888
98;0,032618;0,013491;0;0,94131;0,85856;0,92208;0,5133;0,035511;0,012695;0;0,012863;0,012863;0,012863
99;0,032862;0,013471;0;0,93887;0,85947;0,92156;0,51431;0,035303;0,012644;0;0,012837;0,012837;0,012837
100;0,032523;0,013627;0;0,94015;0,84996;0,9123;0,51577;0,035169;0,012738;0;0,012812;0,012812;0,012812
101;0,032281;0,013561;0;0,94062;0,84789;0,91393;0,5164;0,034874;0,012608;0;0,012787;0,012787;0,012787
102;0,032666;0,013587;0;0,93856;0,8549;0,92302;0,51168;0,034881;0,012517;0;0,012762;0,012762;0,012762
103;0,032091;0,013505;0;0,94462;0,84172;0,91767;0,51819;0,035197;0,01262;0;0,012736;0,012736;0,012736
104;0,032099;0,013378;0;0,9382;0,85401;0,92149;0,52354;0,034693;0,012375;0;0,012711;0,012711;0,012711
105;0,031911;0,013262;0;0,94398;0,87175;0,92203;0,52066;0,034481;0,012574;0;0,012686;0,012686;0,012686
106;0,032076;0,013383;0;0,94166;0,86405;0,92275;0,52217;0,03504;0,012533;0;0,012661;0,012661;0,012661
107;0,032182;0,013501;0;0,93875;0,85888;0,92459;0,52046;0,035046;0,012577;0;0,012635;0,012635;0,012635
108;0,032044;0,013482;0;0,95057;0,85239;0,92094;0,51934;0,034714;0,012526;0;0,01261;0,01261;0,01261
109;0,031986;0,013535;0;0,93143;0,8612;0,92334;0,52408;0,034574;0,012479;0;0,012585;0,012585;0,012585
110;0,031792;0,013169;0;0,93831;0,86585;0,92675;0,52504;0,034342;0,012524;0;0,01256;0,01256;0,01256
111;0,031626;0,01325;0;0,94838;0,85;0,92156;0,52484;0,034254;0,012448;0;0,012535;0,012535;0,012535
112;0,031467;0,013172;0;0,94222;0,8603;0,92383;0,52956;0,03426;0,012467;0;0,012509;0,012509;0,012509
113;0,031705;0,013304;0;0,94103;0,85492;0,92053;0,52271;0,034389;0,012545;0;0,012484;0,012484;0,012484
114;0,031846;0,013545;0;0,93882;0,85881;0,91758;0,52376;0,034368;0,012556;0;0,012459;0,012459;0,012459
115;0,03115;0,013088;0;0,92948;0,8678;0,92191;0,52748;0,034241;0,012355;0;0,012434;0,012434;0,012434
116;0,03141;0,013111;0;0,94302;0,85969;0,91966;0,52952;0,034025;0,012548;0;0,012408;0,012408;0,012408
117;0,031419;0,013218;0;0,92777;0,85645;0,915;0,52475;0,034273;0,012589;0;0,012383;0,012383;0,012383
118;0,031447;0,013185;0;0,95362;0,85043;0,92022;0,52637;0,034313;0,012501;0;0,012358;0,012358;0,012358
119;0,030719;0,013075;0;0,93833;0,85807;0,91792;0,52666;0,034069;0,012465;0;0,012333;0,012333;0,012333
120;0,031636;0,013337;0;0,94531;0,86294;0,92338;0,53222;0,033896;0,012304;0;0,012307;0,012307;0,012307
121;0,031175;0,013112;0;0,93651;0,87337;0,92927;0,53373;0,033874;0,012216;0;0,012282;0,012282;0,012282
122;0,03142;0,013059;0;0,94041;0,86699;0,92261;0,52971;0,034023;0,012358;0;0,012257;0,012257;0,012257
123;0,031023;0,012964;0;0,93775;0,86738;0,92612;0,53116;0,034073;0,012366;0;0,012232;0,012232;0,012232
124;0,031242;0,013188;0;0,95015;0,86574;0,92864;0,53606;0,033988;0,012361;0;0,012207;0,012207;0,012207
125;0,03137;0,013266;0;0,93978;0,86526;0,92406;0,53582;0,034186;0,012304;0;0,012181;0,012181;0,012181
126;0,030987;0,013091;0;0,94615;0,85641;0,92028;0,53017;0,034303;0,012387;0;0,012156;0,012156;0,012156
127;0,031323;0,013076;0;0,94102;0,85795;0,92222;0,52794;0,034536;0,012406;0;0,012131;0,012131;0,012131
128;0,030931;0,012911;0;0,94322;0,86225;0,92299;0,53147;0,034323;0,012335;0;0,012106;0,012106;0,012106
129;0,03086;0,012996;0;0,93822;0,85645;0,92007;0,53222;0,034117;0,012407;0;0,01208;0,01208;0,01208
130;0,031169;0,013024;0;0,9383;0,86537;0,92584;0,53369;0,034182;0,012338;0;0,012055;0,012055;0,012055
131;0,03135;0,013132;0;0,94177;0,86573;0,92946;0,53689;0,033807;0,012281;0;0,01203;0,01203;0,01203
132;0,031124;0,012986;0;0,94579;0,85969;0,92628;0,53603;0,033887;0,012293;0;0,012005;0,012005;0,012005
133;0,030717;0,012889;0;0,9501;0,86483;0,92527;0,53399;0,03394;0,01236;0;0,011979;0,011979;0,011979
134;0,031134;0,012854;0;0,94948;0,86537;0,92555;0,53459;0,03389;0,012322;0;0,011954;0,011954;0,011954
135;0,030703;0,01305;0;0,9401;0,86629;0,9262;0,53496;0,033841;0,012224;0;0,011929;0,011929;0,011929
136;0,030754;0,012889;0;0,94413;0,86699;0,92689;0,53871;0,033674;0,012166;0;0,011904;0,011904;0,011904
137;0,031147;0,012945;0;0,93687;0,86659;0,92656;0,53376;0,033616;0,01224;0;0,011878;0,011878;0,011878
138;0,030545;0,012861;0;0,93991;0,86261;0,92328;0,53278;0,033671;0,012316;0;0,011853;0,011853;0,011853
139;0,030739;0,013012;0;0,94149;0,86139;0,92428;0,5376;0,033675;0,012261;0;0,011828;0,011828;0,011828
140;0,030864;0,012934;0;0,94236;0,86185;0,92664;0,5386;0,033708;0,012332;0;0,011803;0,011803;0,011803
141;0,031024;0,012801;0;0,94469;0,85807;0,9264;0,53648;0,033665;0,012345;0;0,011778;0,011778;0,011778
142;0,030694;0,01288;0;0,94169;0,85483;0,92528;0,53945;0,033584;0,012295;0;0,011752;0,011752;0,011752
143;0,030204;0,012663;0;0,93662;0,86618;0,92597;0,54119;0,033445;0,012228;0;0,011727;0,011727;0,011727
144;0,030083;0,012857;0;0,94653;0,86137;0,92565;0,54532;0,033549;0,012255;0;0,011702;0,011702;0,011702
145;0,030833;0,01279;0;0,94595;0,86578;0,9268;0,5409;0,033687;0,012331;0;0,011677;0,011677;0,011677
146;0,030784;0,012852;0;0,95319;0,87267;0,93315;0,54459;0,03355;0,012258;0;0,011651;0,011651;0,011651
147;0,030427;0,012884;0;0,9477;0,86607;0,92959;0,54574;0,033393;0,012203;0;0,011626;0,011626;0,011626
148;0,030552;0,012824;0;0,94391;0,86537;0,93189;0,54365;0,033362;0,012152;0;0,011601;0,011601;0,011601
149;0,030119;0,012886;0;0,94322;0,86233;0,92784;0,54315;0,033627;0,012124;0;0,011576;0,011576;0,011576
150;0,030058;0,012849;0;0,94371;0,86699;0,92831;0,53871;0,033713;0,012109;0;0,01155;0,01155;0,01155
151;0,029745;0,012645;0;0,95457;0,86973;0,93394;0,54145;0,033564;0,012098;0;0,011525;0,011525;0,011525
152;0,030206;0,012677;0;0,94586;0,86607;0,93045;0,54148;0,033446;0,012191;0;0,0115;0,0115;0,0115
153;0,03029;0,012628;0;0,94757;0,86445;0,92944;0,53946;0,033433;0,012226;0;0,011475;0,011475;0,011475
154;0,0304;0,012891;0;0,94126;0,87081;0,93046;0,53983;0,033478;0,012195;0;0,01145;0,01145;0,01145
155;0,03034;0,012731;0;0,93169;0,875;0,92831;0,53711;0,033429;0,01218;0;0,011424;0,011424;0,011424
156;0,030013;0,01253;0;0,94233;0,8678;0,9271;0,53716;0,033268;0,012205;0;0,011399;0,011399;0,011399
157;0,03003;0,012856;0;0,93753;0,87105;0,92762;0,53974;0,033184;0,012223;0;0,011374;0,011374;0,011374
158;0,030206;0,012495;0;0,94033;0,87024;0,92894;0,53864;0,033077;0,012206;0;0,011349;0,011349;0,011349
159;0,030159;0,012716;0;0,94253;0,87348;0,92661;0,53954;0,033191;0,012211;0;0,011323;0,011323;0,011323
160;0,029806;0,012574;0;0,93841;0,87429;0,92385;0,54027;0,033241;0,012224;0;0,011298;0,011298;0,011298
161;0,030036;0,012616;0;0,93349;0,87646;0,92336;0,54247;0,033278;0,012201;0;0,011273;0,011273;0,011273
162;0,030237;0,01262;0;0,93908;0,87509;0,9234;0,54161;0,033188;0,012209;0;0,011248;0,011248;0,011248
163;0,03019;0,012671;0;0,93586;0,87569;0,92606;0,54468;0,033086;0,012184;0;0,011222;0,011222;0,011222
164;0,029768;0,012552;0;0,94278;0,87591;0,92903;0,54349;0,033112;0,012173;0;0,011197;0,011197;0,011197
165;0,030071;0,01261;0;0,93851;0,87888;0,92821;0,54503;0,033225;0,01218;0;0,011172;0,011172;0,011172
166;0,029806;0,012553;0;0,93493;0,87404;0,92915;0,54569;0,03308;0,012152;0;0,011147;0,011147;0,011147
167;0,029331;0,012462;0;0,94373;0,87348;0,92921;0,54752;0,033099;0,012096;0;0,011122;0,011122;0,011122
168;0,029768;0,012644;0;0,94377;0,87126;0,93143;0,55019;0,033114;0,01209;0;0,011096;0,011096;0,011096
169;0,030228;0,012797;0;0,94072;0,87519;0,92849;0,54746;0,033122;0,012105;0;0,011071;0,011071;0,011071
170;0,029736;0,012631;0;0,95063;0,8746;0,92817;0,54634;0,033069;0,01213;0;0,011046;0,011046;0,011046
171;0,029885;0,012361;0;0,94541;0,87429;0,93038;0,54515;0,03307;0,012123;0;0,011021;0,011021;0,011021
172;0,029924;0,012533;0;0,94824;0,86851;0,92707;0,54683;0,033051;0,012115;0;0,010995;0,010995;0,010995
173;0,030049;0,012599;0;0,93777;0,87338;0,92773;0,54538;0,033067;0,01212;0;0,01097;0,01097;0,01097
174;0,029723;0,012438;0;0,94232;0,87581;0,92819;0,54523;0,033002;0,012129;0;0,010945;0,010945;0,010945
175;0,029435;0,012328;0;0,93982;0,87467;0,92868;0,5471;0,033014;0,012172;0;0,01092;0,01092;0,01092
176;0,029719;0,012736;0;0,93821;0,87094;0,92736;0,54776;0,033007;0,012192;0;0,010894;0,010894;0,010894
177;0,02958;0,012208;0;0,93431;0,87256;0,92748;0,54836;0,032934;0,012199;0;0,010869;0,010869;0,010869
178;0,029908;0,012541;0;0,93469;0,87122;0,92812;0,54688;0,032979;0,01221;0;0,010844;0,010844;0,010844
179;0,029389;0,012491;0;0,94001;0,86456;0,92507;0,54894;0,033003;0,012227;0;0,010819;0,010819;0,010819
180;0,029124;0,01255;0;0,93624;0,86929;0,92621;0,54883;0,032978;0,01221;0;0,010794;0,010794;0,010794
181;0,029481;0,012575;0;0,93841;0,86942;0,92691;0,54762;0,033023;0,012227;0;0,010768;0,010768;0,010768
182;0,029331;0,012465;0;0,93494;0,8678;0,92675;0,5468;0,033107;0,012208;0;0,010743;0,010743;0,010743
183;0,029185;0,012454;0;0,94295;0,86699;0,92669;0,54698;0,033053;0,012154;0;0,010718;0,010718;0,010718
184;0,028899;0,012341;0;0,94265;0,86294;0,92512;0,54764;0,032902;0,012112;0;0,010693;0,010693;0,010693
185;0,029247;0,012612;0;0,93551;0,87059;0,92272;0,54749;0,032887;0,01209;0;0,010667;0,010667;0,010667
186;0,028983;0,012351;0;0,94018;0,8668;0,9233;0,54839;0,032864;0,012076;0;0,010642;0,010642;0,010642
187;0,029163;0,012213;0;0,94067;0,86861;0,92528;0,55247;0,032756;0,012056;0;0,010617;0,010617;0,010617
188;0,029034;0,012435;0;0,93889;0,87221;0,92908;0,55404;0,032686;0,012058;0;0,010592;0,010592;0,010592
189;0,029044;0,012331;0;0,93606;0,87591;0,92945;0,55129;0,032692;0,012069;0;0,010566;0,010566;0,010566
190;0,029292;0,012339;0;0,93418;0,87478;0,92848;0,5506;0,032719;0,012094;0;0,010541;0,010541;0,010541
191;0,029374;0,012363;0;0,9374;0,87439;0,9289;0,55226;0,032717;0,012107;0;0,010516;0,010516;0,010516
192;0,02935;0,012445;0;0,93663;0,87591;0,92922;0,55253;0,032724;0,012103;0;0,010491;0,010491;0,010491
193;0,029345;0,012466;0;0,9398;0,87825;0,93054;0,55397;0,032758;0,012096;0;0,010466;0,010466;0,010466
194;0,029114;0,012233;0;0,9369;0,87024;0,92646;0,55481;0,032742;0,012106;0;0,01044;0,01044;0,01044
195;0,029064;0,012405;0;0,93169;0,87429;0,92787;0,55436;0,032737;0,012103;0;0,010415;0,010415;0,010415
196;0,02956;0,012477;0;0,93372;0,86829;0,92789;0,5534;0,032729;0,012088;0;0,01039;0,01039;0,01039
197;0,028928;0,012265;0;0,93127;0,87024;0,92984;0,55589;0,032736;0,012094;0;0,010365;0,010365;0,010365
198;0,029042;0,012326;0;0,92398;0,87591;0,92956;0,55443;0,032714;0,012095;0;0,010339;0,010339;0,010339
199;0,029199;0,012385;0;0,93873;0,86537;0,93091;0,55446;0,032705;0,012101;0;0,010314;0,010314;0,010314
200;0,028854;0,012336;0;0,94752;0,85969;0,9322;0,55496;0,032671;0,012095;0;0,010289;0,010289;0,010289
201;0,028901;0,012234;0;0,945;0,86396;0,93128;0,55527;0,032677;0,012085;0;0,010264;0,010264;0,010264
202;0,029108;0,012229;0;0,94065;0,86456;0,93037;0,55525;0,032655;0,012068;0;0,010238;0,010238;0,010238
203;0,028556;0,01226;0;0,94931;0,86294;0,92866;0,55529;0,032617;0,012074;0;0,010213;0,010213;0,010213
204;0,029111;0,011983;0;0,94156;0,86456;0,92784;0,5574;0,032595;0,012094;0;0,010188;0,010188;0,010188
205;0,029075;0,01222;0;0,93804;0,86942;0,93173;0,55857;0,032589;0,012097;0;0,010163;0,010163;0,010163
206;0,028947;0,011996;0;0,94417;0,86408;0,93124;0,55895;0,032583;0,01212;0;0,010138;0,010138;0,010138
207;0,028999;0,012108;0;0,94919;0,86365;0,92932;0,55953;0,032596;0,012109;0;0,010112;0,010112;0,010112
208;0,028733;0,012159;0;0,94698;0,86914;0,93197;0,56104;0,032575;0,012109;0;0,010087;0,010087;0,010087
209;0,028749;0,012278;0;0,93903;0,87438;0,9328;0,55911;0,032544;0,012095;0;0,010062;0,010062;0,010062
210;0,028824;0,012287;0;0,9418;0,87024;0,93213;0,55992;0,032538;0,012096;0;0,010037;0,010037;0,010037
211;0,028728;0,012287;0;0,94114;0,86882;0,93235;0,55976;0,032551;0,012107;0;0,010011;0,010011;0,010011
212;0,0284;0,012112;0;0,94544;0,8713;0,93359;0,55889;0,032563;0,012106;0;0,0099861;0,0099861;0,0099861
213;0,02889;0,012249;0;0,93811;0,87267;0,93129;0,55909;0,032557;0,012099;0;0,0099609;0,0099609;0,0099609
214;0,028703;0,011969;0;0,94036;0,87186;0,93222;0,55854;0,032569;0,012101;0;0,0099357;0,0099357;0,0099357
215;0,028545;0,012292;0;0,94113;0,86869;0,92931;0,55816;0,032556;0,012105;0;0,0099104;0,0099104;0,0099104
216;0,028342;0,012106;0;0,93886;0,8751;0,93183;0,55769;0,032573;0,012118;0;0,0098852;0,0098852;0,0098852
217;0,028375;0,012054;0;0,942;0,87348;0,93079;0,55868;0,032565;0,012114;0;0,00986;0,00986;0,00986
218;0,027955;0,012013;0;0,9414;0,87302;0,93204;0,55833;0,032567;0,01211;0;0,0098347;0,0098347;0,0098347
219;0,028382;0,012129;0;0,94053;0,87225;0,93128;0,55729;0,032571;0,012106;0;0,0098095;0,0098095;0,0098095
220;0,028252;0,012093;0;0,93993;0,87429;0,93196;0,55705;0,032568;0,012095;0;0,0097843;0,0097843;0,0097843
221;0,027973;0,011987;0;0,94308;0,8734;0,93245;0,55719;0,032567;0,012091;0;0,009759;0,009759;0,009759
222;0,028327;0,012138;0;0,94081;0,87654;0,93225;0,55809;0,032549;0,012085;0;0,0097338;0,0097338;0,0097338
223;0,028753;0,012181;0;0,93752;0,87616;0,9327;0,56061;0,032523;0,012078;0;0,0097086;0,0097086;0,0097086
224;0,02818;0,012071;0;0,93898;0,87348;0,93152;0,55851;0,032507;0,012077;0;0,0096833;0,0096833;0,0096833
225;0,028192;0,011852;0;0,9406;0,87348;0,9299;0,5577;0,032505;0,012077;0;0,0096581;0,0096581;0,0096581
226;0,028128;0,011962;0;0,93827;0,87529;0,93143;0,55913;0,032492;0,012078;0;0,0096329;0,0096329;0,0096329
227;0,028814;0,012339;0;0,94085;0,87348;0,93338;0,55851;0,032473;0,012076;0;0,0096076;0,0096076;0,0096076
228;0,028181;0,01201;0;0,93895;0,87309;0,9313;0,55813;0,03247;0,012081;0;0,0095824;0,0095824;0,0095824
229;0,028403;0,01198;0;0,9389;0,87348;0,93139;0,55724;0,032469;0,012089;0;0,0095572;0,0095572;0,0095572
230;0,028216;0,012221;0;0,93816;0,87429;0,93218;0,55812;0,032466;0,012091;0;0,009532;0,009532;0,009532
231;0,028123;0,012023;0;0,9358;0,87672;0,93212;0,55892;0,032465;0,012087;0;0,0095067;0,0095067;0,0095067
232;0,028102;0,011996;0;0,93265;0,87186;0,92901;0,55766;0,032465;0,012093;0;0,0094815;0,0094815;0,0094815
233;0,028354;0,012185;0;0,93582;0,87591;0,92991;0,55814;0,032467;0,012094;0;0,0094563;0,0094563;0,0094563
234;0,02822;0,011927;0;0,9374;0,87441;0,92815;0,55706;0,032457;0,012097;0;0,009431;0,009431;0,009431
235;0,028165;0,011937;0;0,9362;0,8751;0,93005;0,55732;0,032464;0,012096;0;0,0094058;0,0094058;0,0094058
236;0,028034;0,011896;0;0,93583;0,87519;0,92946;0,5562;0,032456;0,012087;0;0,0093806;0,0093806;0,0093806
237;0,02759;0,011985;0;0,93449;0,87931;0,93169;0,55729;0,032458;0,012077;0;0,0093553;0,0093553;0,0093553
238;0,028066;0,01197;0;0,93652;0,87835;0,93193;0,55734;0,032453;0,012076;0;0,0093301;0,0093301;0,0093301
239;0,027969;0,011972;0;0,93614;0,87916;0,93158;0,55671;0,032448;0,012079;0;0,0093049;0,0093049;0,0093049
240;0,027958;0,011892;0;0,93755;0,87672;0,93107;0,55719;0,032433;0,012079;0;0,0092796;0,0092796;0,0092796
241;0,027939;0,012047;0;0,93668;0,87835;0,93091;0,55733;0,032432;0,012076;0;0,0092544;0,0092544;0,0092544
242;0,027867;0,011989;0;0,93524;0,87916;0,93134;0,55751;0,032418;0,012075;0;0,0092292;0,0092292;0,0092292
243;0,028085;0,01199;0;0,93684;0,87817;0,93146;0,55773;0,032417;0,012076;0;0,0092039;0,0092039;0,0092039
244;0,028047;0,011886;0;0,93459;0,87835;0,93109;0,55715;0,032407;0,012075;0;0,0091787;0,0091787;0,0091787
245;0,027778;0,011873;0;0,93529;0,87753;0,93128;0,55818;0,032399;0,01207;0;0,0091535;0,0091535;0,0091535
246;0,027792;0,011849;0;0,93509;0,87835;0,93181;0,55908;0,032394;0,012072;0;0,0091282;0,0091282;0,0091282
247;0,027178;0,011764;0;0,93672;0,87916;0,93228;0,55859;0,032396;0,012068;0;0,009103;0,009103;0,009103
248;0,027856;0,011701;0;0,93843;0,87771;0,93258;0,55795;0,032405;0,01207;0;0,0090778;0,0090778;0,0090778
249;0,027838;0,011886;0;0,94105;0,88035;0,93482;0,55783;0,032406;0,012073;0;0,0090526;0,0090526;0,0090526
250;0,027577;0,011697;0;0,94;0,87997;0,93383;0,55635;0,032405;0,012074;0;0,0090273;0,0090273;0,0090273
251;0,027319;0,011773;0;0,941;0,87956;0,93356;0,55755;0,032405;0,012081;0;0,0090021;0,0090021;0,0090021
252;0,027353;0,01168;0;0,93872;0,87835;0,93416;0,55835;0,032397;0,012085;0;0,0089769;0,0089769;0,0089769
253;0,027552;0,0116;0;0,93928;0,87814;0,93231;0,55829;0,032391;0,012093;0;0,0089516;0,0089516;0,0089516
254;0,027755;0,011829;0;0,93785;0,87835;0,93216;0,55858;0,032392;0,012096;0;0,0089264;0,0089264;0,0089264
255;0,027421;0,011745;0;0,93665;0,87835;0,93195;0,55846;0,032392;0,012099;0;0,0089012;0,0089012;0,0089012
256;0,027633;0,011776;0;0,93702;0,87835;0,93148;0,55864;0,03239;0,012105;0;0,0088759;0,0088759;0,0088759
257;0,027382;0,011725;0;0,93756;0,87835;0,93142;0,55937;0,032382;0,012109;0;0,0088507;0,0088507;0,0088507
258;0,026826;0,011662;0;0,93758;0,87709;0,93189;0,55878;0,03238;0,012118;0;0,0088255;0,0088255;0,0088255
259;0,027776;0,011959;0;0,93714;0,87753;0,93187;0,55877;0,032384;0,012117;0;0,0088002;0,0088002;0,0088002
260;0,027141;0,011572;0;0,93635;0,87835;0,93263;0,55909;0,032382;0,012119;0;0,008775;0,008775;0,008775
261;0,027518;0,011869;0;0,93444;0,87929;0,93321;0,55976;0,032387;0,012122;0;0,0087498;0,0087498;0,0087498
262;0,027331;0,011604;0;0,93614;0,87978;0,93191;0,55928;0,03238;0,012123;0;0,0087245;0,0087245;0,0087245
263;0,027474;0,011761;0;0,93769;0,87672;0,93057;0,5591;0,032374;0,012122;0;0,0086993;0,0086993;0,0086993
264;0,027325;0,011522;0;0,93734;0,87835;0,93054;0,55874;0,03237;0,012124;0;0,0086741;0,0086741;0,0086741
265;0,027783;0,011848;0;0,93811;0,87835;0,9306;0,56006;0,032364;0,012126;0;0,0086488;0,0086488;0,0086488
266;0,027244;0,011589;0;0,93801;0,87753;0,93065;0,55994;0,03236;0,012135;0;0,0086236;0,0086236;0,0086236
267;0,027238;0,011823;0;0,94067;0,8744;0,9303;0,5599;0,032352;0,01213;0;0,0085984;0,0085984;0,0085984
268;0,027083;0,011465;0;0,93982;0,87399;0,93042;0,55953;0,032343;0,012132;0;0,0085732;0,0085732;0,0085732
269;0,026604;0,011607;0;0,93978;0,87328;0,93038;0,55925;0,032339;0,012135;0;0,0085479;0,0085479;0,0085479
270;0,027356;0,011811;0;0,93974;0,87273;0,93074;0,55988;0,032336;0,012137;0;0,0085227;0,0085227;0,0085227
271;0,027055;0,011789;0;0,94143;0,87412;0,93209;0,55946;0,032341;0,01214;0;0,0084975;0,0084975;0,0084975
272;0,02725;0,011536;0;0,9408;0,875;0,93186;0,55957;0,032337;0,01214;0;0,0084722;0,0084722;0,0084722
273;0,027469;0,011712;0;0,94039;0,87419;0,93073;0,55995;0,03234;0,012143;0;0,008447;0,008447;0,008447
274;0,027029;0,011584;0;0,93982;0,87338;0,93076;0,55958;0,032341;0,012144;0;0,0084218;0,0084218;0,0084218
275;0,027236;0,011578;0;0,94065;0,87415;0,93116;0,55971;0,032332;0,012142;0;0,0083965;0,0083965;0,0083965
276;0,027009;0,011611;0;0,9402;0,87429;0,93133;0,55953;0,032335;0,01215;0;0,0083713;0,0083713;0,0083713
277;0,027092;0,011469;0;0,93735;0,8736;0,9308;0,55953;0,032338;0,01215;0;0,0083461;0,0083461;0,0083461
278;0,027039;0,011682;0;0,94086;0,87746;0,93308;0,5604;0,03234;0,012154;0;0,0083208;0,0083208;0,0083208
279;0,027011;0,011646;0;0,93911;0,87557;0,93244;0,56063;0,032347;0,012156;0;0,0082956;0,0082956;0,0082956
280;0,027243;0,011606;0;0,93786;0,87429;0,93179;0,56042;0,032349;0,012159;0;0,0082704;0,0082704;0,0082704
281;0,026994;0,011469;0;0,93911;0,87559;0,93185;0,56053;0,032356;0,01216;0;0,0082451;0,0082451;0,0082451
282;0,027306;0,011515;0;0,93782;0,8751;0,93177;0,56082;0,032362;0,01216;0;0,0082199;0,0082199;0,0082199
283;0,027028;0,011556;0;0,93676;0,87429;0,93133;0,56096;0,032367;0,012163;0;0,0081947;0,0081947;0,0081947
284;0,026859;0,011476;0;0,93734;0,87429;0,93159;0,5613;0,03237;0,012168;0;0,0081694;0,0081694;0,0081694
285;0,026715;0,011537;0;0,93888;0,8751;0,93119;0,56153;0,03238;0,012174;0;0,0081442;0,0081442;0,0081442
286;0,026919;0,011569;0;0,94132;0,87672;0,93183;0,56143;0,032383;0,012177;0;0,008119;0,008119;0,008119
287;0,026823;0,011397;0;0,9403;0,87753;0,9323;0,56131;0,032385;0,012181;0;0,0080937;0,0080937;0,0080937
288;0,026825;0,01153;0;0,93823;0,87753;0,93225;0,56204;0,032385;0,012183;0;0,0080685;0,0080685;0,0080685
289;0,026857;0,011552;0;0,94103;0,8801;0,93293;0,56184;0,032384;0,012187;0;0,0080433;0,0080433;0,0080433
290;0,027076;0,011661;0;0,94356;0,88129;0,93323;0,56071;0,032382;0,01219;0;0,0080181;0,0080181;0,0080181
291;0,026643;0,011466;0;0,94346;0,88159;0,93322;0,56133;0,032383;0,012195;0;0,0079928;0,0079928;0,0079928
292;0,026609;0,011556;0;0,94193;0,88321;0,93388;0,56158;0,032386;0,012191;0;0,0079676;0,0079676;0,0079676
293;0,026471;0,011316;0;0,94286;0,8833;0,93388;0,56157;0,032387;0,01219;0;0,0079424;0,0079424;0,0079424
294;0,026658;0,011324;0;0,94367;0,88314;0,934;0,56158;0,032383;0,012195;0;0,0079171;0,0079171;0,0079171
295;0,027272;0,011469;0;0,94271;0,8824;0,93401;0,561;0,03238;0,012193;0;0,0078919;0,0078919;0,0078919
296;0,026835;0,011566;0;0,94373;0,8824;0,93452;0,56146;0,032374;0,012193;0;0,0078667;0,0078667;0,0078667
297;0,026782;0,011385;0;0,94397;0,8824;0,93498;0,56157;0,032367;0,012194;0;0,0078414;0,0078414;0,0078414
298;0,026946;0,01172;0;0,94405;0,8824;0,93486;0,56131;0,032367;0,012189;0;0,0078162;0,0078162;0,0078162
299;0,02658;0,011445;0;0,94377;0,8824;0,93543;0,56139;0,032368;0,012192;0;0,007791;0,007791;0,007791
300;0,026724;0,011416;0;0,94441;0,88188;0,93527;0,56145;0,032366;0,012194;0;0,0077657;0,0077657;0,0077657
301;0,026959;0,011379;0;0,94443;0,88215;0,93553;0,56124;0,032361;0,01219;0;0,0077405;0,0077405;0,0077405
302;0,02681;0,011444;0;0,94442;0,88198;0,93505;0,56144;0,032355;0,012191;0;0,0077153;0,0077153;0,0077153
303;0,026848;0,011482;0;0,94369;0,88159;0,9352;0,56162;0,032351;0,012193;0;0,00769;0,00769;0,00769
304;0,026896;0,011355;0;0,94549;0,88159;0,93544;0,56173;0,032347;0,012194;0;0,0076648;0,0076648;0,0076648
305;0,026402;0,011356;0;0,94347;0,88321;0,93535;0,56207;0,032345;0,012195;0;0,0076396;0,0076396;0,0076396
306;0,02632;0,011186;0;0,94325;0,88402;0,93597;0,56182;0,032341;0,012196;0;0,0076143;0,0076143;0,0076143
307;0,02642;0,011378;0;0,94538;0,88441;0,93661;0,56185;0,032338;0,012197;0;0,0075891;0,0075891;0,0075891
308;0,026682;0,011355;0;0,94697;0,88349;0,9364;0,56192;0,032346;0,012205;0;0,0075639;0,0075639;0,0075639
309;0,026141;0,011157;0;0,94429;0,8824;0,935;0,56193;0,032345;0,012207;0;0,0075387;0,0075387;0,0075387
310;0,026258;0,011204;0;0,94586;0,8785;0,93454;0,5626;0,032343;0,012209;0;0,0075134;0,0075134;0,0075134
311;0,02629;0,011133;0;0,94599;0,87753;0,93391;0,56257;0,032342;0,012208;0;0,0074882;0,0074882;0,0074882
312;0,026326;0,011247;0;0,94585;0,87836;0,93405;0,56276;0,03234;0,012209;0;0,007463;0,007463;0,007463
313;0,0265;0,011338;0;0,94582;0,87788;0,93415;0,56243;0,032342;0,012216;0;0,0074377;0,0074377;0,0074377
314;0,026352;0,011174;0;0,94498;0,87762;0,93401;0,56211;0,032345;0,012215;0;0,0074125;0,0074125;0,0074125
315;0,026117;0,01146;0;0,94666;0,87835;0,93404;0,5623;0,032349;0,012219;0;0,0073873;0,0073873;0,0073873
316;0,026232;0,011146;0;0,94583;0,87835;0,93351;0,56206;0,032347;0,012218;0;0,007362;0,007362;0,007362
317;0,026185;0,011299;0;0,94667;0,87816;0,93361;0,56246;0,032349;0,012218;0;0,0073368;0,0073368;0,0073368
318;0,026651;0,011234;0;0,94575;0,87753;0,93295;0,56249;0,032348;0,012223;0;0,0073116;0,0073116;0,0073116
319;0,026384;0,011354;0;0,94665;0,87835;0,93306;0,5619;0,032351;0,012224;0;0,0072863;0,0072863;0,0072863
320;0,026361;0,011301;0;0,94665;0,87835;0,93291;0,5616;0,032349;0,012228;0;0,0072611;0,0072611;0,0072611
321;0,026011;0,011266;0;0,9445;0,87672;0,93142;0,56162;0,032352;0,012236;0;0,0072359;0,0072359;0,0072359
322;0,026037;0,011217;0;0,94727;0,87916;0,93373;0,56239;0,032355;0,012233;0;0,0072106;0,0072106;0,0072106
323;0,026201;0,011245;0;0,94734;0,87916;0,93395;0,56247;0,032355;0,012233;0;0,0071854;0,0071854;0,0071854
324;0,026183;0,01124;0;0,94665;0,87786;0,93342;0,56211;0,032355;0,012245;0;0,0071602;0,0071602;0,0071602
325;0,026031;0,011042;0;0,94573;0,87672;0,93314;0,56256;0,032354;0,012245;0;0,0071349;0,0071349;0,0071349
326;0,025975;0,011261;0;0,94585;0,87997;0,93482;0,56278;0,032352;0,012245;0;0,0071097;0,0071097;0,0071097
327;0,025931;0,01134;0;0,94499;0,87835;0,93417;0,56334;0,032356;0,012248;0;0,0070845;0,0070845;0,0070845
328;0,026096;0,011187;0;0,94583;0,87916;0,9352;0,56322;0,032359;0,012256;0;0,0070593;0,0070593;0,0070593
329;0,025728;0,011142;0;0,94582;0,87774;0,93471;0,56352;0,032359;0,012255;0;0,007034;0,007034;0,007034
330;0,025977;0,011244;0;0,94496;0,87997;0,93477;0,56332;0,032361;0,012252;0;0,0070088;0,0070088;0,0070088
331;0,026024;0,011345;0;0,94597;0,88078;0,93494;0,56386;0,032362;0,012257;0;0,0069836;0,0069836;0,0069836
332;0,026171;0,011141;0;0,94278;0,882;0,93541;0,56395;0,032363;0,012261;0;0,0069583;0,0069583;0,0069583
333;0,025795;0,011046;0;0,94384;0,88159;0,93542;0,56402;0,032362;0,012261;0;0,0069331;0,0069331;0,0069331
334;0,025894;0,011134;0;0,94375;0,88159;0,93577;0,56463;0,032366;0,012262;0;0,0069079;0,0069079;0,0069079
335;0,02565;0,011172;0;0,94437;0,8824;0,93591;0,56468;0,032364;0,012261;0;0,0068826;0,0068826;0,0068826
336;0,025998;0,011078;0;0,94422;0,8824;0,93597;0,56432;0,032362;0,012267;0;0,0068574;0,0068574;0,0068574
337;0,025796;0,011126;0;0,94052;0,88491;0,93573;0,56393;0,032361;0,012272;0;0,0068322;0,0068322;0,0068322
338;0,025673;0,011198;0;0,94405;0,8824;0,93566;0,56389;0,03236;0,012272;0;0,0068069;0,0068069;0,0068069
339;0,025391;0,010945;0;0,94409;0,8824;0,93588;0,56378;0,032362;0,012274;0;0,0067817;0,0067817;0,0067817
340;0,026159;0,011189;0;0,94172;0,88321;0,93568;0,564;0,032362;0,012276;0;0,0067565;0,0067565;0,0067565
341;0,02557;0,011062;0;0,94124;0,8834;0,93563;0,56361;0,032359;0,012274;0;0,0067312;0,0067312;0,0067312
342;0,025659;0,011086;0;0,94244;0,88402;0,93556;0,56352;0,03236;0,01228;0;0,006706;0,006706;0,006706
343;0,025948;0,011098;0;0,94368;0,88402;0,93561;0,56384;0,032358;0,012284;0;0,0066808;0,0066808;0,0066808
344;0,0256;0,011097;0;0,94291;0,88407;0,93488;0,5632;0,032358;0,012284;0;0,0066555;0,0066555;0,0066555
345;0,025514;0,011088;0;0,94341;0,88402;0,93435;0,56281;0,032359;0,012287;0;0,0066303;0,0066303;0,0066303
346;0,02552;0,011021;0;0,94221;0,88321;0,93357;0,5628;0,032356;0,012283;0;0,0066051;0,0066051;0,0066051
347;0,02552;0,010914;0;0,94189;0,8824;0,93253;0,56253;0,032358;0,012285;0;0,0065799;0,0065799;0,0065799
348;0,025476;0,010949;0;0,94328;0,88321;0,9335;0,56262;0,03236;0,012288;0;0,0065546;0,0065546;0,0065546
349;0,025029;0,010867;0;0,94471;0,88321;0,93344;0,56259;0,032364;0,012292;0;0,0065294;0,0065294;0,0065294
350;0,025611;0,010694;0;0,94418;0,88321;0,93359;0,5633;0,032369;0,012298;0;0,0065042;0,0065042;0,0065042
351;0,025647;0,010887;0;0,94451;0,88352;0,93397;0,56318;0,032365;0,012306;0;0,0064789;0,0064789;0,0064789
352;0,025416;0,010867;0;0,94428;0,88321;0,9339;0,56262;0,032366;0,012307;0;0,0064537;0,0064537;0,0064537
353;0,025119;0,010954;0;0,94362;0,8824;0,93283;0,56273;0,032366;0,012308;0;0,0064285;0,0064285;0,0064285
354;0,025071;0,010699;0;0,94205;0,88327;0,93348;0,5626;0,032363;0,012311;0;0,0064032;0,0064032;0,0064032
355;0,025475;0,011014;0;0,94205;0,88328;0,93364;0,5628;0,032365;0,012317;0;0,006378;0,006378;0,006378
356;0,025498;0,010876;0;0,94249;0,8824;0,93276;0,56261;0,032365;0,01232;0;0,0063528;0,0063528;0,0063528
357;0,025457;0,010827;0;0,94119;0,88259;0,93278;0,56307;0,032364;0,012321;0;0,0063275;0,0063275;0,0063275
358;0,025332;0,010929;0;0,94255;0,88159;0,93265;0,5632;0,032367;0,012322;0;0,0063023;0,0063023;0,0063023
359;0,025462;0,010823;0;0,94045;0,88371;0,93264;0,56306;0,032368;0,012326;0;0,0062771;0,0062771;0,0062771
360;0,025258;0,01102;0;0,94115;0,88195;0,93262;0,56335;0,032366;0,012327;0;0,0062518;0,0062518;0,0062518
361;0,025296;0,010705;0;0,94029;0,8824;0,93293;0,56339;0,032364;0,012322;0;0,0062266;0,0062266;0,0062266
362;0,024983;0,010795;0;0,94042;0,88323;0,93291;0,56251;0,032367;0,012324;0;0,0062014;0,0062014;0,0062014
363;0,025191;0,0108;0;0,94197;0,88321;0,93208;0,56231;0,032366;0,012333;0;0,0061761;0,0061761;0,0061761
364;0,025264;0,010803;0;0,94197;0,88321;0,93206;0,56271;0,032366;0,012329;0;0,0061509;0,0061509;0,0061509
365;0,025169;0,01085;0;0,94032;0,88321;0,9329;0,56258;0,032365;0,012331;0;0,0061257;0,0061257;0,0061257
366;0,025287;0,010801;0;0,94197;0,88321;0,93296;0,56242;0,032367;0,012335;0;0,0061004;0,0061004;0,0061004
367;0,024919;0,010804;0;0,94487;0,8824;0,93347;0,56238;0,032367;0,012337;0;0,0060752;0,0060752;0,0060752
368;0,024852;0,010764;0;0,94528;0,88273;0,93331;0,56247;0,032365;0,012338;0;0,00605;0,00605;0,00605
369;0,024883;0,010851;0;0,94477;0,8824;0,93325;0,5624;0,032367;0,012339;0;0,0060248;0,0060248;0,0060248
370;0,02508;0,01069;0;0,94545;0,8824;0,933;0,562;0,032368;0,012339;0;0,0059995;0,0059995;0,0059995
371;0,025053;0,010915;0;0,94448;0,88298;0,93336;0,56289;0,032369;0,012343;0;0,0059743;0,0059743;0,0059743
372;0,024882;0,010789;0;0,9443;0,88321;0,93402;0,56306;0,032371;0,012344;0;0,0059491;0,0059491;0,0059491
373;0,024972;0,010531;0;0,94528;0,88268;0,93306;0,56301;0,032377;0,012344;0;0,0059238;0,0059238;0,0059238
374;0,025162;0,010799;0;0,94565;0,8824;0,93385;0,56312;0,032377;0,012343;0;0,0058986;0,0058986;0,0058986
375;0,024629;0,010719;0;0,94112;0,88321;0,93297;0,56375;0,032381;0,012345;0;0,0058734;0,0058734;0,0058734
376;0,025193;0,0107;0;0,94135;0,88522;0,93406;0,56416;0,032379;0,012343;0;0,0058481;0,0058481;0,0058481
377;0,025182;0,0108;0;0,94152;0,88402;0,93329;0,56374;0,032382;0,012346;0;0,0058229;0,0058229;0,0058229
378;0,02485;0,010685;0;0,94135;0,88522;0,93354;0,56369;0,032388;0,012349;0;0,0057977;0,0057977;0,0057977
379;0,024837;0,010793;0;0,94216;0,88518;0,93355;0,56362;0,03239;0,012351;0;0,0057724;0,0057724;0,0057724
380;0,024949;0,010877;0;0,94298;0,88515;0,93441;0,56397;0,032393;0,012348;0;0,0057472;0,0057472;0,0057472
381;0,024535;0,01051;0;0,94576;0,88321;0,93468;0,5641;0,032395;0,012351;0;0,005722;0,005722;0,005722
382;0,024967;0,010838;0;0,94591;0,8824;0,93444;0,56407;0,032394;0,012352;0;0,0056967;0,0056967;0,0056967
383;0,024718;0,01076;0;0,94494;0,88402;0,9346;0,56373;0,032395;0,012356;0;0,0056715;0,0056715;0,0056715
384;0,024497;0,01048;0;0,94637;0,88483;0,93527;0,56403;0,032398;0,012356;0;0,0056463;0,0056463;0,0056463
385;0,024848;0,010727;0;0,94624;0,88503;0,93534;0,56341;0,032398;0,012357;0;0,005621;0,005621;0,005621
386;0,024409;0,010612;0;0,94307;0,88679;0,9353;0,56336;0,032396;0,01236;0;0,0055958;0,0055958;0,0055958
387;0,024586;0,010563;0;0,94307;0,88673;0,93535;0,56401;0,032399;0,012362;0;0,0055706;0,0055706;0,0055706
388;0,02426;0,01058;0;0,94721;0,88402;0,93492;0,56334;0,032403;0,012367;0;0,0055454;0,0055454;0,0055454
389;0,024767;0,010622;0;0,94619;0,88422;0,93529;0,56432;0,032402;0,012373;0;0,0055201;0,0055201;0,0055201
390;0,024707;0,010529;0;0,9439;0,88701;0,93501;0,5641;0,032401;0,012373;0;0,0054949;0,0054949;0,0054949
391;0,024341;0,010732;0;0,94393;0,88742;0,93504;0,56456;0,032401;0,012377;0;0,0054697;0,0054697;0,0054697
392;0,024199;0,01051;0;0,94391;0,8871;0,93519;0,56477;0,032398;0,012378;0;0,0054444;0,0054444;0,0054444
393;0,024473;0,010544;0;0,94244;0,88564;0,93528;0,56475;0,032399;0,012381;0;0,0054192;0,0054192;0,0054192
394;0,024688;0,010666;0;0,94286;0,88564;0,93483;0,56474;0,0324;0,012381;0;0,005394;0,005394;0,005394
395;0,02451;0,010602;0;0,94248;0,88646;0,93422;0,56476;0,0324;0,012389;0;0,0053687;0,0053687;0,0053687
396;0,024526;0,010584;0;0,94226;0,88679;0,93486;0,56442;0,032401;0,012386;0;0,0053435;0,0053435;0,0053435
397;0,024225;0,010347;0;0,943;0,88556;0,93484;0,56485;0,032399;0,012386;0;0,0053183;0,0053183;0,0053183
398;0,024362;0,010602;0;0,94141;0,88622;0,93486;0,56418;0,032401;0,012391;0;0,005293;0,005293;0,005293
399;0,02434;0,010427;0;0,9414;0,88596;0,93489;0,56474;0,032401;0,012389;0;0,0052678;0,0052678;0,0052678
400;0,02445;0,010564;0;0,94145;0,88681;0,93505;0,56504;0,0324;0,012389;0;0,0052426;0,0052426;0,0052426
401;0,024363;0,010496;0;0,94029;0,88646;0,93537;0,5653;0,032402;0,01239;0;0,0052173;0,0052173;0,0052173
402;0,024458;0,010614;0;0,94222;0,88612;0,93527;0,56439;0,0324;0,012389;0;0,0051921;0,0051921;0,0051921
403;0,024514;0,010572;0;0,94193;0,88646;0,9355;0,56474;0,032399;0,012393;0;0,0051669;0,0051669;0,0051669
404;0,023666;0,010436;0;0,94193;0,88646;0,93558;0,56473;0,0324;0,01239;0;0,0051416;0,0051416;0,0051416
405;0,024204;0,010496;0;0,94193;0,88564;0,93568;0,56384;0,032402;0,012391;0;0,0051164;0,0051164;0,0051164
406;0,024284;0,010455;0;0,94193;0,88564;0,93569;0,5642;0,032402;0,012387;0;0,0050912;0,0050912;0,0050912
407;0,02369;0,010417;0;0,94225;0,88656;0,93577;0,5643;0,032404;0,012395;0;0,005066;0,005066;0,005066
408;0,023867;0,010384;0;0,94394;0,88765;0,93637;0,56431;0,032405;0,012392;0;0,0050407;0,0050407;0,0050407
409;0,024204;0,010335;0;0,94399;0,88846;0,9369;0,56469;0,032407;0,012394;0;0,0050155;0,0050155;0,0050155
410;0,024389;0,010552;0;0,9422;0,88727;0,93557;0,56356;0,032407;0,012392;0;0,0049903;0,0049903;0,0049903
411;0,024047;0,010572;0;0,94568;0,88946;0,93849;0,56422;0,032407;0,012394;0;0,004965;0,004965;0,004965
412;0,024063;0,010317;0;0,94314;0,88793;0,93678;0,56339;0,032408;0,012393;0;0,0049398;0,0049398;0,0049398
413;0,023957;0,010484;0;0,94298;0,88808;0,93679;0,5632;0,032411;0,01239;0;0,0049146;0,0049146;0,0049146
414;0,024075;0,010354;0;0,94314;0,88785;0,93677;0,56376;0,032412;0,012391;0;0,0048893;0,0048893;0,0048893
415;0,02374;0,010448;0;0,94314;0,88793;0,93759;0,56418;0,032415;0,01239;0;0,0048641;0,0048641;0,0048641
416;0,023787;0,010277;0;0,94313;0,88776;0,93749;0,56402;0,032415;0,012393;0;0,0048389;0,0048389;0,0048389
417;0,024179;0,010432;0;0,94588;0,88402;0,93651;0,56436;0,032419;0,012394;0;0,0048136;0,0048136;0,0048136
418;0,024183;0,01039;0;0,94232;0,88779;0,93681;0,56425;0,032425;0,012395;0;0,0047884;0,0047884;0,0047884
419;0,023909;0,010319;0;0,9463;0,88402;0,93656;0,56434;0,032428;0,012397;0;0,0047632;0,0047632;0,0047632
420;0,023871;0,010364;0;0,94677;0,88402;0,93658;0,56452;0,032433;0,0124;0;0,0047379;0,0047379;0,0047379
421;0,023624;0,010113;0;0,94779;0,88483;0,938;0,56474;0,032432;0,012399;0;0,0047127;0,0047127;0,0047127
422;0,0239;0,010306;0;0,94787;0,88321;0,938;0,56444;0,032436;0,012404;0;0,0046875;0,0046875;0,0046875
423;0,023743;0,010163;0;0,94837;0,88402;0,93809;0,56512;0,032436;0,012404;0;0,0046622;0,0046622;0,0046622
424;0,023601;0,010376;0;0,94771;0,88192;0,93801;0,56539;0,032439;0,012408;0;0,004637;0,004637;0,004637
425;0,023833;0,010342;0;0,9468;0,88046;0,93695;0,56445;0,03244;0,012405;0;0,0046118;0,0046118;0,0046118
426;0,023695;0,0104;0;0,94679;0,88026;0,93754;0,5646;0,032437;0,012407;0;0,0045866;0,0045866;0,0045866
427;0,0237;0,010285;0;0,946;0,8809;0,93583;0,56506;0,032438;0,012406;0;0,0045613;0,0045613;0,0045613
428;0,023614;0,010321;0;0,94596;0,88023;0,93589;0,56522;0,032441;0,012408;0;0,0045361;0,0045361;0,0045361
429;0,023597;0,010122;0;0,94627;0,88078;0,93591;0,56527;0,03244;0,012409;0;0,0045109;0,0045109;0,0045109
430;0,023847;0,010182;0;0,9468;0,88041;0,93569;0,56455;0,032445;0,012417;0;0,0044856;0,0044856;0,0044856
431;0,023571;0,010139;0;0,94646;0,87997;0,93549;0,56477;0,032443;0,012413;0;0,0044604;0,0044604;0,0044604
432;0,023572;0,010096;0;0,94651;0,87997;0,93553;0,56523;0,032444;0,012415;0;0,0044352;0,0044352;0,0044352
433;0,023807;0,01001;0;0,94683;0,88092;0,93733;0,5653;0,032443;0,012415;0;0,0044099;0,0044099;0,0044099
434;0,023024;0,010166;0;0,94683;0,88092;0,93722;0,56536;0,032442;0,012418;0;0,0043847;0,0043847;0,0043847
435;0,023171;0,010169;0;0,94509;0,87944;0,93454;0,56496;0,032445;0,01242;0;0,0043595;0,0043595;0,0043595
436;0,023351;0,010005;0;0,94511;0,87916;0,93435;0,56494;0,032446;0,012421;0;0,0043342;0,0043342;0,0043342
437;0,022908;0,0099224;0;0,94673;0,87922;0,9358;0,56531;0,032445;0,012422;0;0,004309;0,004309;0,004309
438;0,023593;0,010341;0;0,94674;0,87943;0,93554;0,5649;0,032447;0,012424;0;0,0042838;0,0042838;0,0042838
439;0,023043;0,010254;0;0,9476;0,88004;0,93652;0,56644;0,032448;0,012425;0;0,0042585;0,0042585;0,0042585
440;0,023393;0,010067;0;0,94763;0,88052;0,93655;0,56554;0,032452;0,012427;0;0,0042333;0,0042333;0,0042333
441;0,023321;0,010125;0;0,94673;0,87931;0,93575;0,56531;0,032453;0,012427;0;0,0042081;0,0042081;0,0042081
442;0,023197;0,010218;0;0,94777;0,87997;0,93649;0,56581;0,032458;0,012431;0;0,0041828;0,0041828;0,0041828
443;0,02321;0,01004;0;0,94846;0,88053;0,93653;0,56602;0,032461;0,012436;0;0,0041576;0,0041576;0,0041576
444;0,023109;0,01018;0;0,94845;0,88034;0,93645;0,5652;0,032463;0,012435;0;0,0041324;0,0041324;0,0041324
445;0,023351;0,010222;0;0,94844;0,88028;0,93645;0,56571;0,032462;0,012439;0;0,0041071;0,0041071;0,0041071
446;0,023233;0,010098;0;0,94844;0,88028;0,93631;0,56514;0,032464;0,012439;0;0,0040819;0,0040819;0,0040819
447;0,022921;0,0099;0;0,94844;0,88028;0,93625;0,5652;0,032469;0,012441;0;0,0040567;0,0040567;0,0040567
448;0,023053;0,0099044;0;0,94849;0,88109;0,93571;0,5656;0,032473;0,012441;0;0,0040315;0,0040315;0,0040315
449;0,02277;0,0099363;0;0,94841;0,8797;0,9355;0,56502;0,032475;0,012444;0;0,0040062;0,0040062;0,0040062
450;0,022919;0,010161;0;0,94836;0,87941;0,9358;0,56674;0,032477;0,012445;0;0,003981;0,003981;0,003981
451;0,022824;0,0098253;0;0,94928;0,88116;0,93738;0,56647;0,032484;0,012449;0;0,0039558;0,0039558;0,0039558
452;0,022953;0,0099594;0;0,95011;0,88113;0,9373;0,56614;0,032487;0,012449;0;0,0039305;0,0039305;0,0039305
453;0,022661;0,010053;0;0,9501;0,88095;0,93717;0,56599;0,03249;0,012451;0;0,0039053;0,0039053;0,0039053
454;0,022984;0,0099092;0;0,95009;0,88072;0,9374;0,56653;0,032489;0,012448;0;0,0038801;0,0038801;0,0038801
455;0,023215;0,0098249;0;0,95009;0,88075;0,93726;0,56715;0,032492;0,01245;0;0,0038548;0,0038548;0,0038548
456;0,022985;0,01013;0;0,9502;0,88271;0,9372;0,56744;0,032493;0,012448;0;0,0038296;0,0038296;0,0038296
457;0,023106;0,010181;0;0,95019;0,88261;0,93708;0,56742;0,032498;0,012456;0;0,0038044;0,0038044;0,0038044
458;0,022306;0,009689;0;0,9502;0,88271;0,93722;0,56776;0,032504;0,012455;0;0,0037791;0,0037791;0,0037791
459;0,022722;0,0099315;0;0,95021;0,88291;0,9372;0,56746;0,032511;0,01246;0;0,0037539;0,0037539;0,0037539
460;0,022913;0,009811;0;0,94998;0,88474;0,93718;0,56771;0,032515;0,012461;0;0,0037287;0,0037287;0,0037287
461;0,023123;0,0099861;0;0,94985;0,88474;0,93712;0,56721;0,032521;0,012464;0;0,0037034;0,0037034;0,0037034
462;0,022523;0,0097999;0;0,95034;0,88555;0,93754;0,56792;0,032522;0,01246;0;0,0036782;0,0036782;0,0036782
463;0,022969;0,0098129;0;0,95034;0,88555;0,93834;0,56733;0,032523;0,012464;0;0,003653;0,003653;0,003653
464;0,022713;0,0096835;0;0,95087;0,88555;0,93861;0,56836;0,032527;0,01247;0;0,0036277;0,0036277;0,0036277
465;0,022265;0,00974;0;0,94855;0,88393;0,93728;0,56736;0,032527;0,012469;0;0,0036025;0,0036025;0,0036025
466;0,022438;0,0098083;0;0,94855;0,88393;0,93785;0,56836;0,03253;0,012469;0;0,0035773;0,0035773;0,0035773
467;0,022545;0,0098214;0;0,94908;0,88393;0,93784;0,56874;0,032533;0,012471;0;0,0035521;0,0035521;0,0035521
468;0,022213;0,0095687;0;0,94998;0,88474;0,93829;0,56898;0,032535;0,012469;0;0,0035268;0,0035268;0,0035268
469;0,022208;0,0096515;0;0,94828;0,88393;0,93726;0,56866;0,032536;0,012472;0;0,0035016;0,0035016;0,0035016
470;0,022455;0,0098018;0;0,95029;0,88453;0,93879;0,56879;0,032536;0,012476;0;0,0034764;0,0034764;0,0034764
471;0,022533;0,0097512;0;0,95107;0,88474;0,93792;0,56876;0,032539;0,012478;0;0,0034511;0,0034511;0,0034511
472;0,022383;0,0097119;0;0,94641;0,88393;0,93629;0,56882;0,032542;0,012477;0;0,0034259;0,0034259;0,0034259
473;0,022406;0,0097207;0;0,94671;0,88312;0,93559;0,56841;0,032544;0,012477;0;0,0034007;0,0034007;0,0034007
474;0,02246;0,0097202;0;0,94759;0,88393;0,93662;0,56872;0,032547;0,012479;0;0,0033754;0,0033754;0,0033754
475;0,022342;0,009805;0;0,94806;0,88393;0,93666;0,5689;0,032544;0,01248;0;0,0033502;0,0033502;0,0033502
476;0,022311;0,0094858;0;0,94796;0,88393;0,93666;0,56934;0,032547;0,012482;0;0,003325;0,003325;0,003325
477;0,022386;0,0097145;0;0,94672;0,88393;0,93639;0,56894;0,032551;0,012488;0;0,0032997;0,0032997;0,0032997
478;0,022163;0,009702;0;0,947;0,88393;0,93649;0,56899;0,032548;0,012492;0;0,0032745;0,0032745;0,0032745
479;0,022174;0,0098884;0;0,94705;0,88563;0,93733;0,56886;0,03255;0,012492;0;0,0032493;0,0032493;0,0032493
480;0,022104;0,0096111;0;0,94884;0,88474;0,93708;0,56813;0,032551;0,012496;0;0,003224;0,003224;0,003224
481;0,022645;0,0097255;0;0,94787;0,88393;0,93645;0,56811;0,032553;0,012495;0;0,0031988;0,0031988;0,0031988
482;0,022045;0,0095297;0;0,94865;0,88312;0,93614;0,56858;0,032552;0,012502;0;0,0031736;0,0031736;0,0031736
483;0,022143;0,0096752;0;0,94869;0,88393;0,93679;0,56925;0,03255;0,012501;0;0,0031483;0,0031483;0,0031483
484;0,022271;0,0095191;0;0,9486;0,88388;0,9365;0,56979;0,032548;0,012507;0;0,0031231;0,0031231;0,0031231
485;0,022206;0,0095325;0;0,94952;0,88393;0,93612;0,56981;0,032547;0,012509;0;0,0030979;0,0030979;0,0030979
486;0,02226;0,0095051;0;0,94978;0,88393;0,93675;0,56871;0,032548;0,01251;0;0,0030727;0,0030727;0,0030727
487;0,022406;0,0096908;0;0,95116;0,88522;0,93752;0,56985;0,032545;0,012511;0;0,0030474;0,0030474;0,0030474
488;0,022423;0,0095761;0;0,95115;0,88505;0,93812;0,56981;0,032544;0,012515;0;0,0030222;0,0030222;0,0030222
489;0,021938;0,0095525;0;0,95115;0,88505;0,93779;0,57002;0,032547;0,012515;0;0,002997;0,002997;0,002997
490;0,022143;0,0095002;0;0,95116;0,8853;0,93815;0,56989;0,032549;0,012519;0;0,0029717;0,0029717;0,0029717
491;0,02179;0,0092937;0;0,95032;0,88509;0,93832;0,56991;0,032551;0,012524;0;0,0029465;0,0029465;0,0029465
492;0,021804;0,0095443;0;0,95117;0,88542;0,93835;0,57008;0,032552;0,012522;0;0,0029213;0,0029213;0,0029213
493;0,021849;0,0095295;0;0,95117;0,8854;0,93832;0,57025;0,032553;0,01253;0;0,002896;0,002896;0,002896
494;0,021606;0,0096315;0;0,95117;0,88542;0,93829;0,57008;0,032554;0,012531;0;0,0028708;0,0028708;0,0028708
495;0,021785;0,0094046;0;0,95031;0,88486;0,93832;0,57124;0,032559;0,012531;0;0,0028456;0,0028456;0,0028456
496;0,021977;0,0095294;0;0,95117;0,88533;0,93825;0,57132;0,032555;0,012531;0;0,0028203;0,0028203;0,0028203
497;0,022007;0,0095071;0;0,95116;0,88529;0,93838;0,57106;0,032553;0,012533;0;0,0027951;0,0027951;0,0027951
498;0,021582;0,0094657;0;0,95116;0,88531;0,93831;0,57084;0,032554;0,012536;0;0,0027699;0,0027699;0,0027699
499;0,021455;0,0094037;0;0,95116;0,88524;0,93828;0,57117;0,032561;0,012539;0;0,0027446;0,0027446;0,0027446
500;0,021847;0,0095382;0;0,95116;0,88526;0,93811;0,57107;0,032562;0,012538;0;0,0027194;0,0027194;0,0027194
501;0,021445;0,0094047;0;0,95116;0,88518;0,93812;0,57118;0,032563;0,012541;0;0,0026942;0,0026942;0,0026942
502;0,021411;0,0094255;0;0,95029;0,88445;0,9376;0,57106;0,032565;0,012549;0;0,0026689;0,0026689;0,0026689
503;0,021768;0,0092194;0;0,94942;0,88364;0,93639;0,57084;0,032565;0,012549;0;0,0026437;0,0026437;0,0026437
504;0,021681;0,0092906;0;0,94841;0,88393;0,93641;0,57115;0,032566;0,012554;0;0,0026185;0,0026185;0,0026185
505;0,021263;0,0095803;0;0,94821;0,88393;0,93706;0,57067;0,032569;0,012555;0;0,0025933;0,0025933;0,0025933
506;0,021277;0,0092626;0;0,94904;0,88393;0,93698;0,57162;0,032572;0,012561;0;0,002568;0,002568;0,002568
507;0,021134;0,0092215;0;0,94851;0,88393;0,93699;0,57151;0,032571;0,012556;0;0,0025428;0,0025428;0,0025428
508;0,02114;0,0092515;0;0,94927;0,88474;0,93767;0,57191;0,032572;0,012562;0;0,0025176;0,0025176;0,0025176
509;0,021323;0,0091957;0;0,94942;0,88474;0,93794;0,57193;0,032573;0,012565;0;0,0024923;0,0024923;0,0024923
510;0,021368;0,0092473;0;0,94936;0,88474;0,93795;0,57169;0,032576;0,012568;0;0,0024671;0,0024671;0,0024671
511;0,021176;0,0093015;0;0,94948;0,88474;0,93792;0,57213;0,032581;0,012571;0;0,0024419;0,0024419;0,0024419
512;0,021234;0,0092301;0;0,94924;0,88474;0,93852;0,57205;0,032582;0,012571;0;0,0024166;0,0024166;0,0024166
513;0,021046;0,0091937;0;0,94986;0,88555;0,93902;0,57181;0,032585;0,012572;0;0,0023914;0,0023914;0,0023914
514;0,020942;0,0092219;0;0,94982;0,88555;0,93893;0,57187;0,032588;0,012576;0;0,0023662;0,0023662;0,0023662
515;0,021495;0,0092898;0;0,94953;0,88574;0,93897;0,57224;0,032591;0,012581;0;0,0023409;0,0023409;0,0023409
516;0,02136;0,0090803;0;0,94939;0,88474;0,93846;0,57291;0,032594;0,012584;0;0,0023157;0,0023157;0,0023157
517;0,021189;0,0092405;0;0,95052;0,88636;0,93937;0,57349;0,032591;0,012583;0;0,0022905;0,0022905;0,0022905
518;0,021133;0,0092552;0;0,95053;0,88636;0,93937;0,57267;0,032593;0,012586;0;0,0022652;0,0022652;0,0022652
519;0,021039;0,0090786;0;0,95048;0,88636;0,93939;0,57223;0,032594;0,012586;0;0,00224;0,00224;0,00224
520;0,02096;0,009152;0;0,95041;0,88665;0,93925;0,57279;0,032594;0,012591;0;0,0022148;0,0022148;0,0022148
521;0,020496;0,0091219;0;0,95056;0,88636;0,9393;0,57281;0,032595;0,012595;0;0,0021895;0,0021895;0,0021895
522;0,020957;0,0090662;0;0,95108;0,88718;0,93931;0,57307;0,032596;0,012597;0;0,0021643;0,0021643;0,0021643
523;0,020766;0,0090316;0;0,95128;0,88746;0,93924;0,57255;0,032597;0,012602;0;0,0021391;0,0021391;0,0021391
524;0,020614;0,0091726;0;0,95041;0,88672;0,93891;0,57323;0,032599;0,012605;0;0,0021138;0,0021138;0,0021138
525;0,020866;0,0090509;0;0,95041;0,88665;0,9389;0,57289;0,032599;0,012609;0;0,0020886;0,0020886;0,0020886
526;0,02106;0,0091321;0;0,95121;0,88623;0,9388;0,57333;0,032602;0,012616;0;0,0020634;0,0020634;0,0020634
527;0,020783;0,008958;0;0,9512;0,886;0,93882;0,57314;0,032605;0,012617;0;0,0020382;0,0020382;0,0020382
528;0,020909;0,0090709;0;0,95114;0,88491;0,93878;0,57257;0,032609;0,012618;0;0,0020129;0,0020129;0,0020129
529;0,02104;0,0091175;0;0,95032;0,88505;0,93878;0,57328;0,032611;0,012621;0;0,0019877;0,0019877;0,0019877
530;0,020797;0,0090318;0;0,95028;0,88428;0,93863;0,57315;0,032615;0,012627;0;0,0019625;0,0019625;0,0019625
531;0,020528;0,0090411;0;0,95029;0,88446;0,93873;0,57296;0,032617;0,012629;0;0,0019372;0,0019372;0,0019372
532;0,020676;0,0088119;0;0,95031;0,88488;0,93918;0,57295;0,03262;0,012636;0;0,001912;0,001912;0,001912
533;0,020607;0,0090325;0;0,95031;0,88492;0,93921;0,57365;0,032622;0,012638;0;0,0018868;0,0018868;0,0018868
534;0,019986;0,0087225;0;0,95085;0,88474;0,93957;0,57346;0,032627;0,012642;0;0,0018615;0,0018615;0,0018615
535;0,020635;0,0089098;0;0,94868;0,88524;0,93943;0,5738;0,03263;0,012649;0;0,0018363;0,0018363;0,0018363
536;0,020467;0,0088916;0;0,95194;0,88555;0,9395;0,57416;0,032635;0,012656;0;0,0018111;0,0018111;0,0018111
537;0,0205;0,0089029;0;0,95179;0,88555;0,93951;0,57437;0,03264;0,012655;0;0,0017858;0,0017858;0,0017858
538;0,020492;0,008939;0;0,95197;0,88555;0,93906;0,57437;0,032643;0,012664;0;0,0017606;0,0017606;0,0017606
539;0,020314;0,0088182;0;0,95185;0,88555;0,93911;0,57426;0,032646;0,01267;0;0,0017354;0,0017354;0,0017354
540;0,02035;0,0088372;0;0,95189;0,88555;0,93908;0,57402;0,032645;0,01267;0;0,0017101;0,0017101;0,0017101
541;0,020413;0,0088645;0;0,95182;0,88555;0,94043;0,57443;0,032645;0,012676;0;0,0016849;0,0016849;0,0016849
542;0,020177;0,0087134;0;0,95191;0,88555;0,94027;0,57397;0,032645;0,01268;0;0,0016597;0,0016597;0,0016597
543;0,019986;0,0087061;0;0,95118;0,88558;0,94018;0,57499;0,032647;0,012681;0;0,0016344;0,0016344;0,0016344
544;0,020017;0,0086744;0;0,95116;0,88525;0,94082;0,57495;0,032646;0,012684;0;0,0016092;0,0016092;0,0016092
545;0,02009;0,0088293;0;0,95102;0,88555;0,94076;0,57489;0,032651;0,012691;0;0,001584;0,001584;0,001584
546;0,020275;0,0088707;0;0,951;0,88555;0,9408;0,57542;0,03265;0,012695;0;0,0015588;0,0015588;0,0015588
547;0,020082;0,0087159;0;0,95066;0,88555;0,94083;0,57439;0,032654;0,012698;0;0,0015335;0,0015335;0,0015335
548;0,019837;0,0085248;0;0,95191;0,88374;0,94029;0,57494;0,032657;0,0127;0;0,0015083;0,0015083;0,0015083
549;0,019998;0,0088865;0;0,95192;0,88386;0,9398;0,57437;0,032661;0,012705;0;0,0014831;0,0014831;0,0014831
550;0,019845;0,0087495;0;0,95191;0,88374;0,94067;0,57488;0,032664;0,012709;0;0,0014578;0,0014578;0,0014578
551;0,019871;0,0087378;0;0,95191;0,88375;0,94067;0,57467;0,032667;0,012715;0;0,0014326;0,0014326;0,0014326
552;0,02005;0,0087595;0;0,95192;0,88386;0,94038;0,5743;0,03267;0,012716;0;0,0014074;0,0014074;0,0014074
553;0,019336;0,0085503;0;0,95192;0,88382;0,94095;0,57455;0,032676;0,012718;0;0,0013821;0,0013821;0,0013821
554;0,019756;0,0086548;0;0,95103;0,88279;0,93962;0,57492;0,03268;0,012722;0;0,0013569;0,0013569;0,0013569
555;0,019651;0,0085475;0;0,95104;0,88294;0,93969;0,57513;0,032681;0,012729;0;0,0013317;0,0013317;0,0013317
556;0,01971;0,0087638;0;0,95276;0,88404;0,94123;0,57479;0,032684;0,012729;0;0,0013064;0,0013064;0,0013064
557;0,019794;0,0084854;0;0,95102;0,88264;0,94018;0,57502;0,032688;0,012734;0;0,0012812;0,0012812;0,0012812
558;0,019339;0,0085048;0;0,95277;0,88428;0,94119;0,57489;0,032692;0,012738;0;0,001256;0,001256;0,001256
559;0,019683;0,0086151;0;0,95189;0,88322;0,94016;0,57533;0,032692;0,012741;0;0,0012307;0,0012307;0,0012307
560;0,019677;0,0084962;0;0,95277;0,88427;0,94151;0,57504;0,032696;0,012751;0;0,0012055;0,0012055;0,0012055
561;0,019274;0,0084129;0;0,95189;0,88321;0,94019;0,57458;0,0327;0,01275;0;0,0011803;0,0011803;0,0011803
562;0,020005;0,0085381;0;0,95276;0,88402;0,94115;0,57501;0,032706;0,01276;0;0,001155;0,001155;0,001155
563;0,019237;0,0083945;0;0,9519;0,88345;0,93981;0,57455;0,032709;0,012766;0;0,0011298;0,0011298;0,0011298
564;0,019493;0,0084315;0;0,95185;0,88393;0,93966;0,57437;0,032711;0,012766;0;0,0011046;0,0011046;0,0011046
565;0,01921;0,0083338;0;0,95187;0,88393;0,93944;0,5734;0,032712;0,012774;0;0,0010794;0,0010794;0,0010794
566;0,019;0,0083728;0;0,95278;0,88444;0,94066;0,57413;0,032716;0,012782;0;0,0010541;0,0010541;0,0010541
567;0,019412;0,0082377;0;0,95278;0,88439;0,94075;0,57385;0,032717;0,012781;0;0,0010289;0,0010289;0,0010289
568;0,019415;0,0084526;0;0,95279;0,88459;0,94064;0,57453;0,03272;0,012792;0;0,0010037;0,0010037;0,0010037
569;0,01915;0,0082519;0;0,95279;0,88459;0,94065;0,57464;0,032722;0,012794;0;0,00097843;0,00097843;0,00097843
570;0,018945;0,0082719;0;0,95279;0,8845;0,94059;0,57507;0,032722;0,012798;0;0,00095319;0,00095319;0,00095319
571;0,019196;0,0083706;0;0,95234;0,88393;0,94046;0,5755;0,032723;0,012807;0;0,00092796;0,00092796;0,00092796
572;0,01924;0,0084503;0;0,95257;0,88393;0,94068;0,57549;0,032722;0,012806;0;0,00090273;0,00090273;0,00090273
573;0,019305;0,0084245;0;0,9527;0,88292;0,94096;0,57554;0,032726;0,012813;0;0,0008775;0,0008775;0,0008775
574;0,019196;0,0082093;0;0,95182;0,88201;0,93999;0,57466;0,032725;0,01282;0;0,00085227;0,00085227;0,00085227
575;0,018923;0,0083213;0;0,95099;0,88196;0,94026;0,57471;0,032726;0,012828;0;0,00082704;0,00082704;0,00082704
576;0,019026;0,0082251;0;0,95101;0,88238;0,94032;0,57468;0,032729;0,012828;0;0,0008018;0,0008018;0,0008018
577;0,018628;0,0081552;0;0,95099;0,88196;0,94022;0,5745;0,03273;0,012836;0;0,00077657;0,00077657;0,00077657
578;0,018666;0,0082122;0;0,95097;0,88161;0,93994;0,57486;0,032733;0,012838;0;0,00075134;0,00075134;0,00075134
579;0,01896;0,0082073;0;0,95112;0,88149;0,94025;0,57444;0,032733;0,01285;0;0,00072611;0,00072611;0,00072611
580;0,019012;0,0081308;0;0,95112;0,88149;0,94028;0,57396;0,032736;0,012852;0;0,00070088;0,00070088;0,00070088
581;0,018864;0,008262;0;0,95107;0,88149;0,93972;0,57448;0,032736;0,012861;0;0,00067565;0,00067565;0,00067565
582;0,018809;0,0081285;0;0,95097;0,88156;0,93978;0,57466;0,03274;0,012866;0;0,00065041;0,00065041;0,00065041
583;0,018859;0,0081695;0;0,95109;0,88149;0,93997;0,57479;0,032742;0,012873;0;0,00062518;0,00062518;0,00062518
584;0,018883;0,0081933;0;0,95097;0,88154;0,93998;0,57477;0,032744;0,012878;0;0,00059995;0,00059995;0,00059995
585;0,018694;0,0080976;0;0,95109;0,88149;0,94016;0,57507;0,032748;0,012884;0;0,00057472;0,00057472;0,00057472
586;0,018657;0,0079774;0;0,95002;0,88068;0,93928;0,57499;0,032752;0,012892;0;0,00054949;0,00054949;0,00054949
587;0,018301;0,0080396;0;0,95273;0,88149;0,94029;0,57458;0,032754;0,012892;0;0,00052426;0,00052426;0,00052426
588;0,01863;0,0080951;0;0,95195;0,88068;0,93951;0,57498;0,032756;0,012902;0;0,00049902;0,00049902;0,00049902
589;0,018509;0,0081653;0;0,95251;0,88068;0,93948;0,57462;0,032756;0,012909;0;0,00047379;0,00047379;0,00047379
590;0,018785;0,0082238;0;0,95422;0,87985;0,93948;0,57475;0,03276;0,012912;0;0,00044856;0,00044856;0,00044856
591;0,018195;0,0080317;0;0,95422;0,8798;0,93945;0,5747;0,032764;0,012919;0;0,00042333;0,00042333;0,00042333
592;0,018821;0,0080845;0;0,95422;0,87985;0,93971;0,57439;0,032765;0,012925;0;0,0003981;0,0003981;0,0003981
593;0,018489;0,0079765;0;0,95344;0,87987;0,9395;0,57445;0,032767;0,012928;0;0,00037287;0,00037287;0,00037287
594;0,018265;0,007929;0;0,95426;0,88049;0,93905;0,57448;0,032769;0,012936;0;0,00034763;0,00034763;0,00034763
595;0,018556;0,008039;0;0,95442;0,88068;0,93909;0,57442;0,032771;0,012938;0;0,0003224;0,0003224;0,0003224
596;0,01858;0,0080752;0;0,95589;0,87947;0,93785;0,5745;0,032776;0,012951;0;0,00029717;0,00029717;0,00029717
597;0,018339;0,0079446;0;0,9559;0,8796;0,93788;0,57473;0,032776;0,012952;0;0,00027194;0,00027194;0,00027194
598;0,018155;0,0079158;0;0,95679;0,88058;0,93804;0,575;0,032779;0,012963;0;0,00024671;0,00024671;0,00024671
599;0,01808;0,0077979;0;0,95681;0,88104;0,93728;0,57445;0,032782;0,012968;0;0,00022148;0,00022148;0,00022148
